id,first_name,last_name,email,gender,ip_address
1,Brendis,Yeabsley,byeabsley0@ehow.com,Male,12.175.75.188
2,Rafaellle,Antoszewski,rantoszewski1@icio.us,Male,255.162.167.36
3,Orv,Copner,ocopner2@merriam-webster.com,Agender,201.211.160.127
4,Marcus,Aughton,maughton3@bing.com,Male,79.138.221.173
5,Gibbie,Wallenger,gwallenger4@vimeo.com,Male,23.255.64.9
6,Helena,Pate,hpate5@flickr.com,Female,197.40.69.131
7,Hubert,Mulholland,hmulholland6@marriott.com,Male,102.42.53.143
8,Osbourn,Murrigan,omurrigan7@twitpic.com,Male,114.96.249.127
9,Nada,Agronski,nagronski8@businessweek.com,Female,184.89.253.112
10,Claiborn,Reinert,creinert9@ehow.com,Male,236.150.176.172
10,Claiborn,Reinert,creinert9@ehow.com,Male,236.150.176.172
11,Del,Stain,dstaina@bravesites.com,Female,107.234.39.228
12,Carree,Swiffen,cswiffenb@uol.com.br,Female,112.199.234.11
13,Ali,Ferminger,afermingerc@google.ru,Male,158.130.148.2
14,Moritz,MacQuist,mmacquistd@forbes.com,Male,139.212.2.18
15,Irene,Markwick,imarkwicke@google.ru,Female,156.57.154.43
16,Chiarra,Flamank,cflamankf@engadget.com,Female,40.124.219.97
17,Dorri,Deary,ddearyg@liveinternet.ru,Female,234.225.75.243
18,Brittne,Fenlon,bfenlonh@themeforest.net,Non-binary,107.130.200.107
19,Timmy,Batthew,tbatthewi@hhs.gov,Female,5.190.220.187
20,Stephi,Elbourne,selbournej@usa.gov,Female,3.249.204.118
21,Allianora,Esparza,aesparzak@angelfire.com,Female,227.186.236.230
22,Catie,Filipiak,cfilipiakl@go.com,Genderfluid,233.67.248.73
23,Aryn,Hunston,ahunstonm@businesswire.com,Female,254.124.204.189
24,Petronilla,Marlin,pmarlinn@epa.gov,Female,35.56.232.62
25,Pammi,Rudge,prudgeo@reuters.com,Female,153.177.202.162
26,Chastity,Hubatsch,chubatschp@unc.edu,Female,22.16.170.135
27,Vance,Smithyman,vsmithymanq@wix.com,Bigender,203.164.130.181
28,Hope,Fairley,hfairleyr@gravatar.com,Female,233.122.191.134
29,Olag,Daft,odafts@bbb.org,Genderqueer,109.147.137.207
30,Warner,Count,wcountt@marriott.com,Male,212.102.42.60
31,Hillery,Clouter,hclouteru@forbes.com,Male,112.135.135.7
32,Glen,Larrett,glarrettv@time.com,Male,227.4.181.253
33,Tani,Prigmore,tprigmorew@goo.gl,Female,184.180.130.184
34,Ahmed,Bogey,abogeyx@goo.ne.jp,Male,176.79.24.113
35,Aile,Highway,ahighwayy@shareasale.com,Female,163.147.182.36
36,Jasun,Pulteneye,jpulteneyez@telegraph.co.uk,Male,179.144.146.142
37,Normy,Dedney,ndedney10@1688.com,Agender,72.15.120.58
38,Leann,Lockyer,llockyer11@stanford.edu,Female,145.225.11.88
39,Faulkner,Bidewel,fbidewel12@kickstarter.com,Male,148.211.209.73
40,Stevie,Rowell,srowell13@comsenz.com,Agender,32.4.217.224
41,Minerva,Gurden,mgurden14@infoseek.co.jp,Female,208.106.103.58
42,Marylinda,Briereton,mbriereton15@si.edu,Female,247.220.228.250
43,Salvatore,Nairne,snairne16@soundcloud.com,Male,77.99.109.88
44,Birgit,Swansbury,bswansbury17@linkedin.com,Bigender,112.237.222.254
45,Aloin,Golbourn,agolbourn18@nba.com,Male,154.202.32.98
46,Gianina,Wankling,gwankling19@tripod.com,Female,72.44.242.105
46,Gianina,Wankling,gwankling19@tripod.com,Female,72.44.242.105
46,Gianina,Wankling,gwankling19@tripod.com,Female,72.44.242.105
46,Gianina,Wankling,gwankling19@tripod.com,Female,72.44.242.105
47,Lauretta,Riches,lriches1a@umn.edu,Female,29.168.114.54
48,Tobit,O'Hengerty,tohengerty1b@sina.com.cn,Male,88.247.128.35
49,Hank,McAtamney,hmcatamney1c@about.me,Male,28.0.216.244
50,Gris,Tombs,gtombs1d@github.com,Male,88.180.94.209
51,Anatol,Croote,acroote1e@unc.edu,Male,76.145.10.255
52,Rosamond,Fruchon,rfruchon1f@nps.gov,Female,180.173.44.156
53,Nara,Duiged,nduiged1g@sina.com.cn,Female,233.117.196.6
54,Web,Eller,weller1h@ezinearticles.com,Male,113.127.61.120
55,Laurie,MacCaughey,lmaccaughey1i@liveinternet.ru,Female,14.181.75.155
56,Shanan,Cottisford,scottisford1j@marriott.com,Male,129.5.187.169
57,Alwin,Coppenhall,acoppenhall1k@nba.com,Genderfluid,66.155.73.250
58,Beltran,Divine,bdivine1l@hhs.gov,Male,143.101.34.33
59,Ginevra,Janczewski,gjanczewski1m@histats.com,Polygender,159.99.75.110
60,Xavier,Archambault,xarchambault1n@wikia.com,Male,242.223.16.117
61,Chryste,Thorp,cthorp1o@earthlink.net,Female,171.228.115.204
62,Agnella,Costellow,acostellow1p@cbsnews.com,Female,166.157.246.82
63,Diann,Gentil,dgentil1q@linkedin.com,Female,249.50.245.39
64,Denice,Cowx,dcowx1r@fc2.com,Female,204.194.19.91
65,Dede,Diloway,ddiloway1s@devhub.com,Female,168.96.157.53
66,Roana,Weaver,rweaver1t@csmonitor.com,Agender,232.7.228.142
67,Philbert,Naire,pnaire1u@seesaa.net,Male,5.3.175.191
68,Olia,Hinrich,ohinrich1v@tripod.com,Female,107.55.57.214
69,Sallee,Sibille,ssibille1w@oakley.com,Agender,226.72.114.97
70,Antone,Chatenier,achatenier1x@4shared.com,Agender,59.72.94.228
71,Mame,Wildbore,mwildbore1y@multiply.com,Female,213.219.112.77
72,Theresa,Board,tboard1z@mapquest.com,Female,187.199.36.46
73,Marcelle,Momery,mmomery20@yellowbook.com,Female,24.155.82.102
74,Dewitt,Lilburn,dlilburn21@howstuffworks.com,Male,246.71.37.89
75,Gaynor,Knath,gknath22@yahoo.com,Polygender,192.100.16.140
76,Jackquelin,Goode,jgoode23@ameblo.jp,Female,152.229.40.150
77,Graehme,Savary,gsavary24@sitemeter.com,Male,101.137.211.23
78,Westbrooke,Phillp,wphillp25@buzzfeed.com,Male,157.169.107.44
79,Dasya,Biaggi,dbiaggi26@zimbio.com,Female,90.170.249.73
80,Veronica,Dewey,vdewey27@oracle.com,Female,16.105.252.196
81,Yves,Flaxman,yflaxman28@ibm.com,Male,13.231.219.101
82,Bethanne,Travis,btravis29@nydailynews.com,Non-binary,218.75.149.20
83,Hammad,Christescu,hchristescu2a@blogtalkradio.com,Male,82.85.140.65
84,Karmen,Jina,kjina2b@chron.com,Female,178.253.55.129
85,Cori,Franzelini,cfranzelini2c@stumbleupon.com,Female,217.223.170.182
86,Lester,Durie,ldurie2d@de.vu,Male,186.31.40.248
87,Venita,Hayers,vhayers2e@kickstarter.com,Female,176.141.247.233
58,Beltran,Divine,bdivine1l@hhs.gov,Male,143.101.34.33
88,Dickie,MacClure,dmacclure2f@ebay.com,Male,138.69.73.237
89,Donelle,Yorkston,dyorkston2g@odnoklassniki.ru,Female,177.23.104.214
90,Alleen,MacCrachen,amaccrachen2h@51.la,Female,72.97.7.32
91,Bram,Wingate,bwingate2i@mac.com,Male,25.3.162.64
92,Conant,Eves,ceves2j@auda.org.au,Male,247.230.41.215
93,Aharon,Girsch,agirsch2k@mapquest.com,Male,35.131.36.101
94,Eugenius,Spours,espours2l@china.com.cn,Male,43.76.82.189
95,Kristy,Carlyle,kcarlyle2m@ihg.com,Agender,40.63.164.30
96,Eula,Gabb,egabb2n@army.mil,Female,66.63.211.196
97,Normy,Gilchriest,ngilchriest2o@examiner.com,Genderfluid,93.107.56.67
98,Sollie,Neames,sneames2p@squidoo.com,Male,20.187.104.35
99,Viva,Gourley,vgourley2q@time.com,Female,152.177.221.4
100,Fredia,Yearns,fyearns2r@edublogs.org,Female,168.26.26.26
101,Tiphani,Manchester,tmanchester2s@google.nl,Female,106.222.172.228
102,Ahmad,Clemendot,aclemendot2t@so-net.ne.jp,Male,126.252.187.45
103,Wainwright,Lourenco,wlourenco2u@admin.ch,Male,179.163.12.206
104,Kalindi,Owtram,kowtram2v@example.com,Female,182.205.202.96
105,Sigismund,Town,stown2w@illinois.edu,Male,148.71.51.87
106,Molly,Godleman,mgodleman2x@mozilla.org,Bigender,215.0.182.119
107,Theobald,Micklewright,tmicklewright2y@va.gov,Male,157.64.244.184
108,Thorn,Ferry,tferry2z@technorati.com,Male,133.39.63.226
109,Mommy,Mushart,mmushart30@hp.com,Female,133.67.125.149
110,Harcourt,Stallard,hstallard31@google.fr,Male,53.184.29.196
111,Shannan,Gillooly,sgillooly32@unc.edu,Male,184.251.171.100
112,Paco,Argrave,pargrave33@dion.ne.jp,Male,72.223.148.19
113,Salomi,Krug,skrug34@sfgate.com,Female,129.9.222.70
114,Addy,Signori,asignori35@123-reg.co.uk,Female,246.40.102.36
115,Dimitri,Ness,dness36@tumblr.com,Male,193.76.17.14
116,Engracia,Sparling,esparling37@discovery.com,Female,58.69.186.43
117,Abbey,McCracken,amccracken38@yale.edu,Female,5.215.206.200
118,Fleming,Cowdrey,fcowdrey39@squarespace.com,Male,87.95.13.108
119,Antony,Barringer,abarringer3a@ca.gov,Male,22.180.154.141
120,Irv,Schindler,ischindler3b@furl.net,Male,244.201.121.254
121,Clemmy,Serck,cserck3c@craigslist.org,Male,136.40.24.6
122,Ayn,Connell,aconnell3d@cocolog-nifty.com,Female,230.97.97.3
123,Jaime,Remer,jremer3e@dot.gov,Male,8.103.143.107
124,Wilma,Hamflett,whamflett3f@europa.eu,Female,203.203.249.106
125,Carmelle,Dyble,cdyble3g@squidoo.com,Female,213.191.105.45
126,Ebenezer,Borkett,eborkett3h@google.es,Male,102.229.142.60
127,Germayne,Goney,ggoney3i@alexa.com,Male,21.35.76.73
128,Tobe,Franschini,tfranschini3j@dailymotion.com,Female,129.143.77.211
129,Clevie,Libbe,clibbe3k@telegraph.co.uk,Male,206.208.217.137
130,Guillema,Poxson,gpoxson3l@princeton.edu,Female,91.130.60.67
131,Carley,Walker,cwalker3m@t.co,Female,215.45.32.68
132,Nicolai,Gair,ngair3n@sohu.com,Male,201.15.250.183
133,Lexi,Munt,lmunt3o@com.com,Female,40.48.179.25
134,Isaac,Lavallie,ilavallie3p@qq.com,Male,124.61.228.246
135,Hinze,Waldren,hwaldren3q@cocolog-nifty.com,Male,138.181.190.213
136,Dallas,Speck,dspeck3r@skype.com,Female,133.81.237.124
137,Dru,Aleksashin,daleksashin3s@gov.uk,Female,124.61.213.153
138,Mable,Canfield,mcanfield3t@sourceforge.net,Female,152.51.18.66
139,Joletta,Bruinsma,jbruinsma3u@squidoo.com,Female,43.18.176.84
140,Dunc,Aizikovich,daizikovich3v@g.co,Male,215.210.119.12
141,Sherill,Fielders,sfielders3w@vinaora.com,Female,229.198.250.103
142,Zeke,Georgiev,zgeorgiev3x@hexun.com,Male,45.229.16.32
143,Fayth,Shingles,fshingles3y@bbb.org,Bigender,187.211.203.192
144,Korey,Scuse,kscuse3z@example.com,Male,214.163.50.10
145,Arlie,Laxen,alaxen40@va.gov,Polygender,38.85.126.58
146,Alric,Gurg,agurg41@cisco.com,Male,239.186.80.211
147,Erek,Vasquez,evasquez42@xinhuanet.com,Male,208.105.19.220
148,Rosabelle,Mooney,rmooney43@eepurl.com,Female,160.219.51.156
149,Mathew,Kirsop,mkirsop44@china.com.cn,Male,132.15.195.247
150,Yasmeen,Pyle,ypyle45@paypal.com,Female,59.200.139.120
151,Avie,Dolden,adolden46@etsy.com,Female,242.1.145.248
152,Casar,Farnsworth,cfarnsworth47@godaddy.com,Male,205.51.178.189
153,Norton,Focke,nfocke48@slate.com,Male,44.0.200.51
154,Marin,Ofer,mofer49@123-reg.co.uk,Female,109.213.187.172
155,Wilmer,Heinsh,wheinsh4a@shop-pro.jp,Male,182.137.16.0
156,Hewie,O'Reilly,horeilly4b@biblegateway.com,Male,70.77.178.2
157,Cazzie,Farfull,cfarfull4c@unicef.org,Male,35.158.85.52
158,Ev,Anselmi,eanselmi4d@upenn.edu,Male,210.139.177.143
159,Fredra,Ateggart,fateggart4e@usnews.com,Female,233.81.162.67
160,Valli,Seavers,vseavers4f@privacy.gov.au,Female,86.139.167.47
161,Delilah,Mawhinney,dmawhinney4g@bandcamp.com,Female,218.101.56.25
162,Hersch,Kadar,hkadar4h@yolasite.com,Non-binary,242.97.248.235
163,Stephie,Effemy,seffemy4i@imageshack.us,Female,245.128.37.193
164,Cristian,Twizell,ctwizell4j@paginegialle.it,Male,38.23.163.155
165,Sayres,Cotta,scotta4k@shutterfly.com,Male,94.40.84.231
166,Dex,McManamen,dmcmanamen4l@fc2.com,Agender,122.159.197.27
167,Lindsey,Kynder,lkynder4m@yellowbook.com,Female,229.141.222.35
168,Theodore,Humphris,thumphris4n@jigsy.com,Male,205.212.142.206
169,Lenore,Follit,lfollit4o@earthlink.net,Female,249.115.235.3
170,Stefanie,Mendoza,smendoza4p@tripadvisor.com,Female,237.36.191.251
171,Georges,Tremblay,gtremblay4q@intel.com,Male,194.180.148.201
172,Maximilian,Pedrozzi,mpedrozzi4r@issuu.com,Male,100.142.123.252
173,Fiona,Shiers,fshiers4s@unicef.org,Female,220.99.85.154
174,Errick,Carnachen,ecarnachen4t@google.de,Male,160.77.208.103
175,Elspeth,Disley,edisley4u@gravatar.com,Female,154.12.236.118
176,Tracy,Ewert,tewert4v@usatoday.com,Female,242.72.210.188
177,Inga,Andino,iandino4w@redcross.org,Female,213.36.159.14
178,Dulciana,Trumble,dtrumble4x@360.cn,Female,72.158.97.82
179,Krista,Thring,kthring4y@cdbaby.com,Female,238.153.197.117
180,Sunny,Williment,swilliment4z@bandcamp.com,Female,203.253.117.163
181,Hope,Colloby,hcolloby50@unc.edu,Female,131.162.17.95
182,Welch,Besson,wbesson51@tamu.edu,Male,40.75.82.94
183,Maurita,Spadazzi,mspadazzi52@ustream.tv,Female,108.178.59.162
184,Martie,Charsley,mcharsley53@weather.com,Female,22.109.187.60
185,Orton,Younger,oyounger54@bbc.co.uk,Male,139.153.27.211
186,Adrianna,Tinsley,atinsley55@zimbio.com,Female,127.248.128.126
187,Edee,Yokel,eyokel56@surveymonkey.com,Polygender,218.142.239.17
188,Jacqui,Errigo,jerrigo57@posterous.com,Female,94.82.0.50
189,Willem,Pakes,wpakes58@livejournal.com,Male,102.87.205.228
190,Evin,Naris,enaris59@joomla.org,Non-binary,146.194.43.203
191,Celle,Garriock,cgarriock5a@vimeo.com,Female,146.8.14.163
192,Cornall,Tissiman,ctissiman5b@aol.com,Male,94.67.13.1
193,Rick,Crallan,rcrallan5c@spiegel.de,Male,14.89.234.88
194,Arabella,Saddler,asaddler5d@cnet.com,Female,253.196.203.96
195,Halley,Crosland,hcrosland5e@blog.com,Genderqueer,84.204.187.23
196,Edwin,Antonescu,eantonescu5f@weather.com,Male,176.152.79.76
197,Vallie,Tunnah,vtunnah5g@slideshare.net,Female,185.51.183.252
198,Kimbell,Endrighi,kendrighi5h@cdc.gov,Male,243.233.42.39
199,Isac,Duester,iduester5i@etsy.com,Male,32.234.58.46
200,Jared,Myall,jmyall5j@independent.co.uk,Male,112.178.142.215
201,Marguerite,Seath,mseath5k@shareasale.com,Female,41.200.186.195
202,Jone,Kubach,jkubach5l@mozilla.org,Male,125.137.38.208
203,Weidar,Nevitt,wnevitt5m@globo.com,Polygender,122.215.70.98
204,Vicki,Beadman,vbeadman5n@unblog.fr,Female,151.150.255.79
205,Tiffi,Leber,tleber5o@t.co,Female,133.167.38.178
206,Carolee,Askell,caskell5p@cbc.ca,Female,233.237.218.236
207,Leland,Weems,lweems5q@nih.gov,Male,239.138.17.234
208,Jasen,Jobe,jjobe5r@t.co,Male,75.76.251.0
209,Gerry,Blackbourn,gblackbourn5s@wix.com,Genderfluid,175.231.25.213
210,Galina,Neasham,gneasham5t@netlog.com,Female,30.44.51.150
211,Jaquelyn,Garbutt,jgarbutt5u@tinyurl.com,Female,33.69.49.211
212,Haskel,Itchingham,hitchingham5v@acquirethisname.com,Male,140.189.190.166
213,Myrwyn,Abbate,mabbate5w@google.de,Male,170.112.195.80
214,Herman,Maciejak,hmaciejak5x@sun.com,Male,195.156.56.142
215,Umberto,O'Deoran,uodeoran5y@wikimedia.org,Male,2.243.248.84
216,Sabine,Nagle,snagle5z@icio.us,Female,197.201.64.53
217,Leontine,Knudsen,lknudsen60@so-net.ne.jp,Female,7.141.244.5
218,Del,Lyes,dlyes61@wix.com,Male,37.233.209.146
219,Aleta,Moth,amoth62@dropbox.com,Female,53.190.113.196
220,Arte,Leadbitter,aleadbitter63@vkontakte.ru,Male,1.43.127.12
221,Sayre,Jantzen,sjantzen64@imdb.com,Male,77.9.106.103
222,Haily,Feldhorn,hfeldhorn65@liveinternet.ru,Male,83.3.201.37
223,Dolf,Baguley,dbaguley66@independent.co.uk,Male,86.246.116.33
224,Garrard,Stanbridge,gstanbridge67@dagondesign.com,Male,87.52.234.178
225,Talyah,Cranstoun,tcranstoun68@cpanel.net,Female,210.22.114.187
226,Kennie,Streight,kstreight69@homestead.com,Male,89.36.254.241
227,Ardyce,Tampin,atampin6a@apache.org,Genderfluid,43.105.74.75
228,Clarette,Di Angelo,cdiangelo6b@usa.gov,Female,72.118.15.107
229,Stearn,Wrathmall,swrathmall6c@gnu.org,Male,98.133.18.103
230,Dexter,Cortez,dcortez6d@apple.com,Non-binary,251.162.26.50
231,Auguste,Dorrance,adorrance6e@addtoany.com,Female,40.234.174.239
232,Mireille,Birchett,mbirchett6f@hhs.gov,Female,46.248.173.246
233,Gert,Heatley,gheatley6g@about.com,Female,183.132.81.190
234,Jordon,Hainge,jhainge6h@tinypic.com,Male,178.132.206.80
235,Caren,Wass,cwass6i@imdb.com,Female,77.215.195.105
236,Alicia,Milliere,amilliere6j@si.edu,Polygender,22.152.92.26
237,Murial,Burril,mburril6k@netlog.com,Female,135.210.223.229
238,Thaddus,Brackstone,tbrackstone6l@psu.edu,Male,228.71.79.96
239,Hugues,D'eath,hdeath6m@google.cn,Male,75.201.138.119
240,Zebedee,Faire,zfaire6n@bluehost.com,Male,220.228.181.30
241,Melina,Dearle-Palser,mdearlepalser6o@deviantart.com,Female,78.172.212.110
242,Geralda,Singleton,gsingleton6p@aboutads.info,Female,98.59.222.74
243,Dionysus,Kobiera,dkobiera6q@sogou.com,Male,164.110.180.230
244,Alyson,Viveash,aviveash6r@newsvine.com,Female,230.89.128.224
245,Ade,Ditty,aditty6s@cbc.ca,Agender,165.54.20.96
246,Rahel,Pierucci,rpierucci6t@google.cn,Bigender,69.241.129.217
247,Mariel,Alster,malster6u@php.net,Female,70.55.124.9
248,Andy,Hosier,ahosier6v@barnesandnoble.com,Male,17.65.65.234
249,Aldo,Kiehl,akiehl6w@123-reg.co.uk,Male,231.134.100.113
250,Aigneis,McElhinney,amcelhinney6x@oakley.com,Female,149.217.78.65
251,Marissa,Philpin,mphilpin6y@bigcartel.com,Female,87.7.209.39
252,Annamarie,Januszewski,ajanuszewski6z@imdb.com,Female,142.149.36.166
253,Dane,Honywill,dhonywill70@networkadvertising.org,Male,146.56.177.13
254,Jennee,Bountiff,jbountiff71@constantcontact.com,Female,55.102.32.102
255,Lionello,Newhouse,lnewhouse72@google.co.jp,Male,134.233.213.137
256,Laughton,Mc Carroll,lmccarroll73@t.co,Male,4.81.126.22
257,Chan,Youson,cyouson74@bloglovin.com,Male,253.96.68.187
258,Lorry,Darkott,ldarkott75@buzzfeed.com,Male,250.167.178.30
259,Kimbra,Woodwin,kwoodwin76@tuttocitta.it,Female,3.124.0.104
260,Gertrud,Sitch,gsitch77@about.me,Female,12.54.176.187
261,Hasheem,Seeking,hseeking78@sbwire.com,Male,220.138.168.236
262,Darnell,Boam,dboam79@yandex.ru,Male,156.115.113.26
263,Beitris,Tatam,btatam7a@jalbum.net,Female,186.121.252.15
264,Nerty,Grabb,ngrabb7b@yandex.ru,Female,96.146.228.104
265,Orelee,Scaddon,oscaddon7c@microsoft.com,Female,62.85.216.117
266,Mal,McEvilly,mmcevilly7d@phpbb.com,Male,95.54.132.115
267,Eleonora,Matessian,ematessian7e@europa.eu,Female,107.109.242.36
268,Horton,Pooke,hpooke7f@reddit.com,Male,212.241.108.98
269,Adiana,Davydochkin,adavydochkin7g@sun.com,Female,27.254.135.109
270,Mattheus,Lots,mlots7h@prnewswire.com,Male,60.235.162.47
271,Shae,Baumadier,sbaumadier7i@icq.com,Male,60.157.119.137
272,Malia,Izachik,mizachik7j@illinois.edu,Female,246.157.247.3
273,Nevil,Fuente,nfuente7k@amazon.de,Male,218.241.159.111
274,Dalton,Speller,dspeller7l@deliciousdays.com,Male,194.185.58.0
275,Marabel,Hardiker,mhardiker7m@shinystat.com,Female,228.3.224.59
276,Fabio,Burgen,fburgen7n@technorati.com,Male,138.104.19.180
277,Silvan,Hargrove,shargrove7o@sciencedaily.com,Male,191.137.119.185
278,Colas,Fillary,cfillary7p@harvard.edu,Male,145.176.83.144
279,Clarita,Cottisford,ccottisford7q@java.com,Female,170.105.142.113
280,Leupold,Slyme,lslyme7r@rakuten.co.jp,Male,149.195.38.242
281,Linet,Djurevic,ldjurevic7s@example.com,Female,232.203.189.221
282,Rosa,Vogeler,rvogeler7t@bbb.org,Female,231.160.23.254
283,Sim,Blunt,sblunt7u@webs.com,Male,204.74.85.77
284,Farris,Fazzioli,ffazzioli7v@cmu.edu,Male,26.158.239.161
285,Wilmette,Daveley,wdaveley7w@github.io,Female,191.78.129.139
286,Ev,Blinkhorn,eblinkhorn7x@nih.gov,Male,247.78.169.231
287,Lynette,Marsy,lmarsy7y@furl.net,Female,22.38.249.120
288,Paola,Godain,pgodain7z@ebay.com,Female,232.43.80.134
289,Meridel,Antoni,mantoni80@illinois.edu,Female,116.10.96.192
290,Kacie,Vann,kvann81@hugedomains.com,Female,160.243.175.178
291,Stesha,Lenton,slenton82@netvibes.com,Female,140.113.142.223
292,Lauri,Dunning,ldunning83@oaic.gov.au,Female,199.84.154.102
293,Reinaldo,Mosdall,rmosdall84@msu.edu,Polygender,201.241.76.141
294,Crystal,Flagg,cflagg85@naver.com,Female,207.130.6.138
295,Aleen,Mill,amill86@vinaora.com,Female,228.132.199.122
296,Liane,Tessington,ltessington87@nymag.com,Female,8.231.84.223
297,Faustina,Scotchforth,fscotchforth88@skype.com,Female,45.142.23.166
298,Hervey,Panther,hpanther89@state.tx.us,Male,187.254.114.151
299,Drusi,Tetford,dtetford8a@washington.edu,Female,31.50.196.113
300,Erie,Stuttard,estuttard8b@example.com,Male,143.37.83.205
301,Essa,Wilcocke,ewilcocke8c@4shared.com,Female,247.133.100.3
302,Tann,Dady,tdady8d@amazonaws.com,Male,223.109.247.42
303,Halley,Game,hgame8e@goodreads.com,Female,7.120.161.237
304,Devondra,Rennix,drennix8f@deviantart.com,Female,141.96.18.156
305,Cassondra,Ferrarini,cferrarini8g@cdbaby.com,Female,79.131.223.67
306,Shantee,Kenningham,skenningham8h@mozilla.com,Female,247.50.49.248
307,Locke,Cinnamond,lcinnamond8i@xrea.com,Male,180.23.47.156
308,Stephani,Cours,scours8j@oracle.com,Female,34.144.105.51
309,Ebonee,Nuzzi,enuzzi8k@mac.com,Female,120.92.0.164
310,Brucie,Pinks,bpinks8l@bluehost.com,Male,104.75.222.141
311,Ruthanne,Douberday,rdouberday8m@yellowbook.com,Female,134.69.238.235
312,Clyve,Riha,criha8n@ameblo.jp,Male,199.151.56.67
313,Karylin,Clinnick,kclinnick8o@youtu.be,Agender,5.104.210.240
314,Ally,Trickey,atrickey8p@fda.gov,Female,225.136.114.173
315,Wait,Siely,wsiely8q@bing.com,Male,14.31.117.145
316,Ursulina,Gasgarth,ugasgarth8r@mozilla.com,Polygender,215.65.119.8
317,Marj,Bartolic,mbartolic8s@soup.io,Female,186.143.43.3
318,Roger,Borgnol,rborgnol8t@devhub.com,Male,39.151.22.171
319,Alane,Alessandone,aalessandone8u@virginia.edu,Female,78.42.170.79
320,Lea,Marrill,lmarrill8v@wunderground.com,Genderfluid,188.90.62.254
321,Laryssa,Kempton,lkempton8w@europa.eu,Female,248.107.71.96
322,Ava,Benardeau,abenardeau8x@usnews.com,Female,159.210.43.220
323,Emmaline,Norris,enorris8y@free.fr,Female,65.184.105.118
324,Myriam,Gothup,mgothup8z@reuters.com,Female,233.24.69.26
325,Danie,Lumbly,dlumbly90@hud.gov,Male,101.51.159.82
326,Robena,Lickess,rlickess91@newsvine.com,Agender,101.240.106.106
327,Olenolin,Coles,ocoles92@nba.com,Male,192.80.74.180
328,Todd,Battabee,tbattabee93@unblog.fr,Male,248.194.169.6
329,Darn,Cleverley,dcleverley94@walmart.com,Male,175.200.85.21
330,Cecilia,Crow,ccrow95@smh.com.au,Female,241.44.205.62
331,Edy,Tooke,etooke96@ning.com,Female,216.247.14.3
332,Lamond,Coan,lcoan97@google.cn,Male,78.73.132.45
333,Eddie,Gantz,egantz98@utexas.edu,Male,230.195.214.187
334,Nikita,Bownes,nbownes99@hp.com,Male,92.76.186.50
335,Babb,McAlister,bmcalister9a@bloglovin.com,Female,168.95.95.188
336,Charles,Hoofe,choofe9b@twitter.com,Male,56.68.72.151
337,Tiffanie,Doolan,tdoolan9c@census.gov,Female,201.57.136.120
338,Reynold,Dalligan,rdalligan9d@statcounter.com,Male,183.14.221.7
339,Taddeusz,Sweatman,tsweatman9e@skype.com,Male,180.25.252.55
340,Chaddie,Vittore,cvittore9f@hubpages.com,Male,115.76.212.185
341,Donalt,Fairrie,dfairrie9g@nytimes.com,Male,193.119.88.210
342,Sissy,Giacomo,sgiacomo9h@indiegogo.com,Female,136.228.182.70
343,Fulvia,Bruckent,fbruckent9i@nbcnews.com,Female,186.72.224.55
344,Archy,O'Donohue,aodonohue9j@ow.ly,Male,145.230.201.150
345,Cecilia,O'Hallagan,cohallagan9k@newsvine.com,Female,231.32.60.244
346,Wash,Sperring,wsperring9l@archive.org,Male,197.22.155.168
347,Carlene,Hughesdon,chughesdon9m@wsj.com,Female,57.146.118.184
348,Fredra,Whitbread,fwhitbread9n@hc360.com,Female,117.98.167.127
349,Carmon,McKie,cmckie9o@google.co.uk,Bigender,166.103.127.70
350,Elly,Botha,ebotha9p@wikipedia.org,Female,247.54.48.159
351,Gayel,Sivorn,gsivorn9q@twitter.com,Female,201.176.249.170
352,Travers,Strand,tstrand9r@imdb.com,Male,92.232.129.167
353,Tyne,Youel,tyouel9s@behance.net,Female,114.232.55.186
354,Kristy,Searles,ksearles9t@g.co,Female,252.33.188.61
355,Danny,Larder,dlarder9u@google.it,Male,172.182.78.135
356,Jyoti,Shevlin,jshevlin9v@psu.edu,Female,172.95.9.78
357,Erinna,Mustin,emustin9w@de.vu,Female,101.155.36.35
358,Gwenora,Brokenshaw,gbrokenshaw9x@mtv.com,Female,185.250.100.126
359,Zaria,Balme,zbalme9y@homestead.com,Female,210.96.43.236
360,Hershel,Mantrup,hmantrup9z@epa.gov,Male,39.147.34.3
361,Sandye,Ennew,sennewa0@elpais.com,Genderqueer,193.11.35.231
362,Dalia,Dovidian,ddovidiana1@slideshare.net,Female,96.6.160.228
363,Gerald,Jurries,gjurriesa2@fastcompany.com,Male,216.138.241.132
364,Wolfgang,Dumbleton,wdumbletona3@imdb.com,Bigender,81.105.176.96
365,Emmott,Filasov,efilasova4@php.net,Male,76.102.50.143
366,Noah,Warkup,nwarkupa5@ed.gov,Male,179.40.152.239
367,Adolph,Sterland,asterlanda6@eventbrite.com,Male,153.49.150.169
368,Yorker,Marielle,ymariellea7@google.ru,Male,193.147.192.60
369,Stanleigh,Souster,ssoustera8@hp.com,Male,36.238.103.238
370,Francklyn,Bottelstone,fbottelstonea9@samsung.com,Male,226.219.239.29
371,Margie,Rowles,mrowlesaa@wisc.edu,Female,129.14.167.239
372,Regan,Larham,rlarhamab@seattletimes.com,Male,101.71.50.211
373,Cilka,Byas,cbyasac@google.ru,Female,123.242.63.39
374,Peggy,Jacqueminot,pjacqueminotad@sphinn.com,Genderfluid,33.226.70.34
375,Blake,Fergyson,bfergysonae@washingtonpost.com,Male,13.60.65.18
376,Marnie,Vannah,mvannahaf@walmart.com,Female,32.158.126.92
377,Alyssa,Brizland,abrizlandag@state.tx.us,Female,114.36.14.53
378,Katrinka,Sciacovelli,ksciacovelliah@naver.com,Female,83.143.78.212
379,Car,Kelberer,ckelbererai@mtv.com,Male,221.217.147.73
380,Willie,McClosh,wmccloshaj@house.gov,Female,222.235.211.146
381,Myrlene,Zannuto,mzannutoak@technorati.com,Female,233.143.90.223
382,Dorthy,Bartel,dbartelal@samsung.com,Female,162.99.159.130
383,Webster,Mcettrick,wmcettrickam@wsj.com,Male,134.125.61.190
384,Patrick,Boynton,pboyntonan@msu.edu,Male,223.225.185.12
385,Tad,Bolderoe,tbolderoeao@surveymonkey.com,Male,177.82.237.205
386,Yurik,Trewhella,ytrewhellaap@pcworld.com,Male,193.185.57.250
387,Franciskus,Renol,frenolaq@pen.io,Male,177.14.190.122
388,Shalna,Josefowicz,sjosefowiczar@posterous.com,Female,19.130.111.188
389,Miltie,Mouncher,mmouncheras@qq.com,Male,31.11.246.98
390,Felicia,Brisker,fbriskerat@salon.com,Female,87.193.182.141
391,Feodora,Allardyce,fallardyceau@ycombinator.com,Female,188.98.37.147
392,Melanie,Branthwaite,mbranthwaiteav@delicious.com,Female,14.162.175.118
393,Karita,Digle,kdigleaw@google.ca,Female,127.2.128.80
394,Clevie,O'Bradane,cobradaneax@de.vu,Male,38.159.31.12
395,Helen-elizabeth,Burnhard,hburnharday@ebay.co.uk,Female,233.225.184.163
396,Ryun,Grattan,rgrattanaz@who.int,Male,226.6.250.123
397,Win,Ingilson,wingilsonb0@surveymonkey.com,Male,37.69.12.120
398,Paulita,Placidi,pplacidib1@virginia.edu,Female,124.80.103.165
399,Tomkin,Sabbins,tsabbinsb2@flavors.me,Male,91.116.86.9
400,Christye,Outlaw,coutlawb3@youku.com,Female,195.14.184.198
401,Adriana,Parmiter,aparmiterb4@ucla.edu,Female,184.210.231.221
402,Maddy,Andresser,mandresserb5@thetimes.co.uk,Male,160.217.245.44
403,Mathilde,Lyffe,mlyffeb6@newsvine.com,Female,60.31.66.236
404,Devinne,Staggs,dstaggsb7@fc2.com,Female,182.241.227.171
405,Shannon,Meagher,smeagherb8@amazon.co.uk,Male,146.140.115.2
406,Verge,Wainscoat,vwainscoatb9@twitter.com,Male,92.140.164.212
407,Killie,Wombwell,kwombwellba@yelp.com,Male,49.253.196.196
408,Donal,Swatheridge,dswatheridgebb@163.com,Male,118.32.172.43
409,Tynan,McAndrew,tmcandrewbc@etsy.com,Male,137.24.243.72
410,Yuri,Ransbury,yransburybd@bluehost.com,Polygender,225.177.241.143
411,Mose,Thorn,mthornbe@europa.eu,Male,67.140.124.126
412,Maxim,Utridge,mutridgebf@hexun.com,Male,238.251.104.63
413,Allister,Heinsius,aheinsiusbg@chicagotribune.com,Male,223.39.255.238
414,Larine,Sheen,lsheenbh@ifeng.com,Female,244.96.160.108
415,Wilmer,Dobney,wdobneybi@dagondesign.com,Male,219.130.186.65
416,Delano,Garrat,dgarratbj@hc360.com,Male,97.143.71.115
417,Jacynth,Giacomini,jgiacominibk@unesco.org,Female,59.46.233.49
418,Rosalie,Chappel,rchappelbl@google.ru,Female,101.184.59.232
419,Sinclare,Kiddye,skiddyebm@nps.gov,Male,1.145.136.4
420,Roberta,Liff,rliffbn@ca.gov,Female,40.173.248.254
421,Camilla,Emps,cempsbo@adobe.com,Female,34.123.157.255
422,Uriah,Billo,ubillobp@twitter.com,Male,148.243.57.10
423,Jule,Liebrecht,jliebrechtbq@typepad.com,Male,236.62.204.96
424,Claribel,Tester,ctesterbr@boston.com,Female,38.192.250.254
425,Britteny,Grishmanov,bgrishmanovbs@dagondesign.com,Non-binary,180.153.182.70
426,Sigismond,Luther,slutherbt@answers.com,Male,108.194.231.237
427,Maurita,Duly,mdulybu@harvard.edu,Female,116.141.122.73
428,Meredith,Wellard,mwellardbv@state.gov,Female,72.61.230.43
429,Merrili,Coxon,mcoxonbw@goo.gl,Female,94.246.247.178
430,Cilka,Whye,cwhyebx@seesaa.net,Female,46.162.255.58
431,Torrence,MacSweeney,tmacsweeneyby@si.edu,Male,136.10.140.163
432,Ashlee,Sheehan,asheehanbz@hhs.gov,Female,142.97.119.91
433,Frederique,Cockshot,fcockshotc0@51.la,Non-binary,3.164.226.129
434,Joletta,Berfoot,jberfootc1@feedburner.com,Female,235.247.185.239
435,Tasia,O'Hern,tohernc2@princeton.edu,Female,232.157.243.167
436,Holden,Gymblett,hgymblettc3@baidu.com,Male,69.242.177.117
437,Maria,Trevarthen,mtrevarthenc4@bloomberg.com,Female,115.213.145.153
438,Amabel,Kordova,akordovac5@google.nl,Female,213.215.67.214
439,Arleen,Streather,astreatherc6@nps.gov,Female,68.39.101.34
440,Gamaliel,Van Haeften,gvanhaeftenc7@a8.net,Male,200.100.42.94
441,Johna,Swyer,jswyerc8@ca.gov,Female,200.245.137.92
442,Stacie,Shales,sshalesc9@usnews.com,Female,23.133.233.51
443,Kori,Faudrie,kfaudrieca@hud.gov,Female,39.14.132.93
444,Enrica,Pulham,epulhamcb@oracle.com,Genderqueer,167.0.108.228
445,Simone,Simson,ssimsoncc@wufoo.com,Female,164.87.110.236
446,Sybyl,Trematick,strematickcd@mlb.com,Female,91.187.119.236
447,Free,Skurm,fskurmce@dedecms.com,Male,10.11.164.120
448,Dore,Sidebotton,dsidebottoncf@ow.ly,Male,149.39.194.155
449,Burnard,Coaker,bcoakercg@cbslocal.com,Male,114.214.107.77
450,Godfry,Matonin,gmatoninch@netlog.com,Male,53.86.244.184
451,Rudyard,Gatrell,rgatrellci@examiner.com,Male,210.111.143.175
452,Margaretta,Southwood,msouthwoodcj@opensource.org,Agender,63.153.15.43
453,Bethena,Stanney,bstanneyck@behance.net,Female,7.57.48.53
454,Bale,Sharpin,bsharpincl@utexas.edu,Male,10.114.54.183
455,Ariella,Karpf,akarpfcm@rambler.ru,Female,146.224.187.44
456,Leonhard,Hakonsson,lhakonssoncn@nydailynews.com,Male,175.90.219.233
457,Darbee,Crielly,dcriellyco@chronoengine.com,Male,0.82.241.30
458,Candide,Riteley,criteleycp@indiatimes.com,Female,230.48.109.189
459,Joann,Khotler,jkhotlercq@state.gov,Agender,127.26.216.243
460,Shae,MacGibbon,smacgibboncr@cyberchimps.com,Male,96.151.46.243
461,Reagan,Groundwator,rgroundwatorcs@xrea.com,Male,138.125.133.174
462,Grover,Speedin,gspeedinct@blogtalkradio.com,Male,69.247.171.41
463,Roy,Osban,rosbancu@ezinearticles.com,Male,120.234.111.69
464,Erasmus,Curedell,ecuredellcv@wikimedia.org,Male,112.48.188.62
465,Jaimie,Genike,jgenikecw@deliciousdays.com,Female,77.12.125.235
466,Paule,Neild,pneildcx@cbsnews.com,Female,12.94.211.116
467,Wyndham,Yelyashev,wyelyashevcy@yolasite.com,Male,79.47.254.121
468,Joann,Lowdes,jlowdescz@taobao.com,Female,208.222.219.60
469,Alli,Scally,ascallyd0@plala.or.jp,Female,177.134.59.101
470,Meagan,Melwall,mmelwalld1@pbs.org,Female,122.242.171.46
471,Walt,Loudyan,wloudyand2@foxnews.com,Male,226.100.119.66
472,Allayne,Ferrar,aferrard3@feedburner.com,Male,239.164.142.172
473,Amalie,Kloska,akloskad4@cam.ac.uk,Female,98.224.241.37
474,Rip,D'Adda,rdaddad5@squarespace.com,Male,155.205.207.125
475,Conrado,Starling,cstarlingd6@merriam-webster.com,Male,110.199.126.44
476,Jacques,Roberti,jrobertid7@abc.net.au,Male,133.80.54.157
477,Pandora,Gover,pgoverd8@chronoengine.com,Female,178.124.14.217
478,Annalise,Yeandel,ayeandeld9@china.com.cn,Female,88.80.128.174
479,Corrine,Hartnell,chartnellda@yandex.ru,Agender,222.103.224.91
480,Jermaine,Dorsey,jdorseydb@oakley.com,Female,95.107.106.44
481,Kaiser,McKeaveney,kmckeaveneydc@joomla.org,Male,207.129.245.119
482,Ewan,Blackhurst,eblackhurstdd@huffingtonpost.com,Male,27.190.146.61
483,Ingrim,Coalburn,icoalburnde@jigsy.com,Male,216.136.47.153
484,Inger,Scobbie,iscobbiedf@netlog.com,Female,177.156.237.70
485,Christyna,Fallon,cfallondg@wikipedia.org,Female,95.81.220.76
486,Chester,McCandie,cmccandiedh@a8.net,Male,29.244.144.52
487,Fayth,Bohike,fbohikedi@123-reg.co.uk,Female,153.105.236.22
488,Ainslee,Giannazzo,agiannazzodj@bbb.org,Female,71.5.58.154
489,Urbano,Wilsey,uwilseydk@gizmodo.com,Male,139.22.102.37
490,Merrili,Ascroft,mascroftdl@foxnews.com,Female,132.1.233.233
491,Verina,Matveiko,vmatveikodm@sciencedaily.com,Female,79.80.75.244
492,Brantley,Fey,bfeydn@msu.edu,Non-binary,247.88.14.235
493,Homere,Reyburn,hreyburndo@newsvine.com,Male,15.102.58.121
494,Audra,Capeloff,acapeloffdp@wp.com,Female,164.16.39.172
495,Hersh,Georgelin,hgeorgelindq@washington.edu,Male,107.71.103.172
496,Matty,Shrubb,mshrubbdr@unicef.org,Female,210.190.44.53
497,Brander,Toon,btoonds@earthlink.net,Male,55.119.11.174
498,Cacilia,Ambroise,cambroisedt@reverbnation.com,Agender,227.226.222.73
499,Ellis,Eannetta,eeannettadu@omniture.com,Male,15.15.12.64
500,Anson,Blazej,ablazejdv@github.io,Male,82.203.244.185
501,Jasper,Maccaig,jmaccaigdw@wiley.com,Male,208.138.234.131
502,Andre,Belcham,abelchamdx@cnbc.com,Male,149.70.255.125
503,Tate,Drinkall,tdrinkalldy@gravatar.com,Male,191.200.187.26
504,Beniamino,Abbiss,babbissdz@uol.com.br,Male,176.110.174.82
505,Benedikta,Pladen,bpladene0@cargocollective.com,Genderfluid,187.40.54.0
506,Rick,Nairns,rnairnse1@123-reg.co.uk,Male,120.240.233.240
507,Matthus,Bacon,mbacone2@yolasite.com,Polygender,4.69.80.4
508,Randie,Calleja,rcallejae3@pen.io,Female,161.10.64.140
509,Sidnee,Thorn,sthorne4@house.gov,Male,141.198.47.66
510,Sutherlan,Toulch,stoulche5@aboutads.info,Male,172.211.194.105
511,Kleon,Kornes,kkornese6@rambler.ru,Male,189.157.57.191
512,Marylee,Glaserman,mglasermane7@instagram.com,Female,1.159.45.197
513,Marquita,Saunt,msaunte8@cloudflare.com,Female,5.173.75.96
514,Shani,Satchell,ssatchelle9@netvibes.com,Female,164.148.85.104
515,Nicholle,Wildbore,nwildboreea@twitpic.com,Female,139.12.133.68
516,Sinclare,Torres,storreseb@hatena.ne.jp,Male,227.170.82.26
517,Basilio,Ferras,bferrasec@usatoday.com,Genderfluid,167.180.178.189
518,Eyde,Meeron,emeeroned@bizjournals.com,Female,243.233.96.123
519,Tara,Freemantle,tfreemantleee@dailymotion.com,Female,206.196.159.66
520,Avictor,Cuffley,acuffleyef@house.gov,Male,61.133.69.150
521,Waylan,Macvey,wmacveyeg@mtv.com,Male,158.87.123.52
522,Base,Toynbee,btoynbeeeh@elegantthemes.com,Male,20.199.6.39
523,Iona,Saltmarsh,isaltmarshei@census.gov,Female,173.130.162.168
524,Martie,Megahey,mmegaheyej@youtu.be,Female,34.49.170.65
525,Michelle,Giff,mgiffek@reference.com,Female,104.15.244.114
526,Yale,Lemonnier,ylemonnierel@jalbum.net,Male,252.137.116.67
527,Jamal,Pantling,jpantlingem@wix.com,Polygender,58.35.245.96
528,Corby,Smallshaw,csmallshawen@issuu.com,Polygender,246.240.237.35
529,Lindie,Overthrow,loverthroweo@sitemeter.com,Female,121.190.147.73
530,Cletus,Holtom,choltomep@spiegel.de,Male,245.29.203.22
531,Gerry,Narup,gnarupeq@bandcamp.com,Male,55.89.85.73
532,Mariya,Baraja,mbarajaer@sciencedirect.com,Female,152.21.248.254
533,Adi,Stilling,astillinges@flickr.com,Female,69.123.225.104
534,Kasey,Antonetti,kantonettiet@infoseek.co.jp,Female,198.140.103.241
535,Early,Drews,edrewseu@virginia.edu,Male,140.254.97.189
536,Vivi,Dungate,vdungateev@squidoo.com,Female,105.131.63.58
537,Nadiya,Leyman,nleymanew@fda.gov,Female,173.220.248.197
538,Norma,Itzcovichch,nitzcovichchex@dropbox.com,Female,26.83.108.43
539,Read,Wadge,rwadgeey@uol.com.br,Male,170.20.45.197
540,Jervis,Butt,jbuttez@nhs.uk,Male,113.59.64.82
541,Kimberlee,Corradi,kcorradif0@t-online.de,Female,141.48.16.191
542,Morrie,Craise,mcraisef1@xinhuanet.com,Male,7.192.225.252
543,Joellen,Gimbart,jgimbartf2@admin.ch,Female,37.94.139.175
544,Marlon,Scneider,mscneiderf3@example.com,Male,71.84.155.161
545,Aggi,Farnon,afarnonf4@mapy.cz,Female,58.194.244.83
546,Ches,Lapides,clapidesf5@sphinn.com,Male,146.210.179.41
547,Eada,Coles,ecolesf6@cnbc.com,Female,34.96.89.46
548,Germaine,Wellum,gwellumf7@ucoz.com,Male,105.113.150.232
549,Hatty,Desvignes,hdesvignesf8@adobe.com,Female,41.189.76.8
550,Marilyn,Ambrogetti,mambrogettif9@senate.gov,Female,215.247.78.18
551,Dorry,Meaton,dmeatonfa@opera.com,Female,97.34.209.245
552,Colas,Matteoni,cmatteonifb@trellian.com,Male,92.29.230.92
553,Eadith,Dudin,edudinfc@wiley.com,Female,104.109.169.67
554,Dorine,Laxston,dlaxstonfd@issuu.com,Female,137.158.179.196
555,Garey,Oldridge,goldridgefe@4shared.com,Male,159.18.69.130
556,Terence,Normavill,tnormavillff@1688.com,Male,43.243.250.12
557,Abby,Ivanichev,aivanichevfg@macromedia.com,Male,192.71.57.19
558,Jillian,Rampton,jramptonfh@gizmodo.com,Non-binary,60.211.133.148
559,Giacopo,Stratley,gstratleyfi@yandex.ru,Male,11.202.97.219
560,Finn,Ambrogio,fambrogiofj@webs.com,Male,198.138.148.168
561,Melesa,Collinge,mcollingefk@msn.com,Female,133.188.88.101
562,Johnathan,Brundell,jbrundellfl@shinystat.com,Male,128.243.2.86
563,Jake,Berthelet,jbertheletfm@statcounter.com,Male,8.238.71.161
564,Kalle,Towell,ktowellfn@vinaora.com,Male,71.19.201.171
565,Chandra,Carnalan,ccarnalanfo@pinterest.com,Female,238.175.218.142
566,Lisabeth,Rought,lroughtfp@examiner.com,Female,44.48.131.133
567,Kevyn,Perfili,kperfilifq@nba.com,Bigender,168.73.0.63
568,Danila,Wadmore,dwadmorefr@cyberchimps.com,Female,126.165.17.130
569,Patrizia,Leman,plemanfs@artisteer.com,Female,77.90.80.112
570,Ludvig,Couldwell,lcouldwellft@marketwatch.com,Male,85.159.169.7
571,Edmon,Valentinuzzi,evalentinuzzifu@yahoo.com,Male,140.217.55.145
572,Yorgos,Claeskens,yclaeskensfv@wordpress.org,Male,208.192.10.145
573,Siana,Skupinski,sskupinskifw@china.com.cn,Female,189.9.60.248
574,Arnold,Esel,aeselfx@princeton.edu,Male,170.155.223.174
575,Luci,Teideman,lteidemanfy@house.gov,Polygender,71.81.57.7
576,Napoleon,Seathwright,nseathwrightfz@nsw.gov.au,Male,251.191.122.17
577,Derick,Callaby,dcallabyg0@themeforest.net,Male,244.90.87.219
578,Stirling,Radclyffe,sradclyffeg1@cisco.com,Male,201.152.140.19
579,Willa,Simoni,wsimonig2@usgs.gov,Female,190.162.200.173
580,Ronny,Hitchens,rhitchensg3@europa.eu,Male,18.127.145.74
581,Hannis,Bricklebank,hbricklebankg4@technorati.com,Female,59.242.192.96
582,Cecilio,Borsi,cborsig5@cdbaby.com,Male,140.50.86.48
583,Mareah,Hathway,mhathwayg6@taobao.com,Female,235.245.189.168
584,Roth,Ashbe,rashbeg7@tiny.cc,Male,66.64.252.114
585,Virginia,Windress,vwindressg8@discuz.net,Female,91.219.17.214
586,Estrella,Phippen,ephippeng9@sitemeter.com,Female,243.158.147.151
587,Beatrix,Waplington,bwaplingtonga@indiatimes.com,Female,4.13.74.6
588,Dorey,Olligan,dolligangb@hexun.com,Male,183.95.62.25
589,Chelsie,McSaul,cmcsaulgc@livejournal.com,Female,58.120.160.191
590,Angelika,Trengove,atrengovegd@army.mil,Polygender,42.121.35.118
591,Joanna,Pillifant,jpillifantge@ed.gov,Female,243.252.85.48
592,Teriann,Abernethy,tabernethygf@twitpic.com,Female,10.57.28.156
593,Tynan,Willans,twillansgg@constantcontact.com,Male,27.149.108.151
594,Hanni,Pumphreys,hpumphreysgh@free.fr,Female,117.254.53.80
595,Reamonn,Warton,rwartongi@earthlink.net,Male,130.163.217.221
596,Blayne,Elam,belamgj@gnu.org,Male,111.172.54.220
597,Con,Gallgher,cgallghergk@hostgator.com,Male,43.161.77.214
598,Nerissa,Wandless,nwandlessgl@printfriendly.com,Female,142.235.206.73
599,Sarge,Bakeup,sbakeupgm@cisco.com,Male,9.15.215.82
600,Franky,Bennett,fbennettgn@stanford.edu,Male,5.191.206.108
601,Venus,Metts,vmettsgo@topsy.com,Female,52.128.14.166
602,Reggy,Lampens,rlampensgp@psu.edu,Male,57.193.244.27
603,Park,Astell,pastellgq@mlb.com,Male,236.94.232.108
604,Julissa,Heugle,jheuglegr@virginia.edu,Female,173.251.74.250
605,Mackenzie,Liffey,mliffeygs@ameblo.jp,Male,209.67.39.196
606,Orran,Hiscoke,ohiscokegt@who.int,Male,227.100.184.154
607,Jeanine,Havoc,jhavocgu@apache.org,Female,129.117.163.2
608,Winslow,Rosen,wrosengv@imgur.com,Male,43.248.8.163
609,Adore,Beart,abeartgw@scientificamerican.com,Female,203.22.252.14
610,Dana,Attree,dattreegx@sitemeter.com,Female,158.195.61.238
611,Josie,Janton,jjantongy@elpais.com,Female,188.69.253.207
612,Marcel,Elles,mellesgz@simplemachines.org,Male,90.160.56.4
613,Ferne,Faireclough,ffairecloughh0@kickstarter.com,Female,115.181.188.66
614,Aida,Bollum,abollumh1@chronoengine.com,Female,112.13.155.248
615,Florenza,Give,fgiveh2@smugmug.com,Female,119.248.22.51
616,Nicola,Croyser,ncroyserh3@lulu.com,Male,22.1.165.160
617,Rebeca,Penlington,rpenlingtonh4@squarespace.com,Agender,162.118.136.136
618,Magda,Brute,mbruteh5@nps.gov,Female,91.27.231.125
619,Shana,Berg,sbergh6@dedecms.com,Female,142.180.81.86
620,My,O'Hartnedy,mohartnedyh7@moonfruit.com,Male,142.118.248.243
621,Perle,Bolwell,pbolwellh8@go.com,Female,138.248.34.78
622,Leonid,Woodard,lwoodardh9@nature.com,Male,41.169.236.75
623,Shani,Cuxon,scuxonha@dyndns.org,Female,237.201.17.163
624,Rusty,Forster,rforsterhb@ehow.com,Male,182.254.173.121
625,Hector,Oldknow,holdknowhc@prnewswire.com,Male,58.104.20.29
626,Lela,Cleyburn,lcleyburnhd@addthis.com,Female,22.51.63.207
627,Renell,Clapperton,rclappertonhe@mlb.com,Female,46.116.10.164
628,Brent,Yeabsley,byeabsleyhf@parallels.com,Male,56.51.227.86
629,Angie,Djurevic,adjurevichg@mapquest.com,Female,240.166.127.76
630,Missy,Callicott,mcallicotthh@examiner.com,Female,159.242.66.181
631,Alric,Pavlov,apavlovhi@goodreads.com,Male,181.192.195.213
632,Libbey,Olivas,lolivashj@nasa.gov,Female,35.48.179.213
633,Archy,Calton,acaltonhk@icq.com,Male,170.120.100.17
634,Cort,McFall,cmcfallhl@hc360.com,Male,120.196.80.74
635,Edmund,Helkin,ehelkinhm@mlb.com,Male,62.250.234.12
636,Dominica,Rumming,drumminghn@hatena.ne.jp,Female,98.128.105.52
637,Coralie,Impy,cimpyho@elpais.com,Non-binary,63.218.224.181
638,Derrek,Brockherst,dbrockhersthp@wisc.edu,Male,174.89.193.153
639,Eleen,Marfell,emarfellhq@nasa.gov,Female,72.27.75.92
640,Marijn,Polini,mpolinihr@elegantthemes.com,Male,128.64.219.243
641,Rici,McKelloch,rmckellochhs@51.la,Female,89.29.248.57
642,Gard,Moncrefe,gmoncrefeht@qq.com,Male,70.123.130.20
643,Roselia,Ritch,rritchhu@lulu.com,Female,197.204.225.221
644,Kathrine,Bluett,kbluetthv@sciencedirect.com,Female,215.247.53.238
645,Verile,Nester,vnesterhw@smh.com.au,Female,179.46.121.246
646,Edeline,Blaxland,eblaxlandhx@techcrunch.com,Female,120.219.212.231
647,Ashien,Issitt,aissitthy@netvibes.com,Female,50.101.228.48
648,Hatty,Miall,hmiallhz@plala.or.jp,Female,79.138.210.250
649,Alyson,Probbin,aprobbini0@usatoday.com,Female,231.254.232.161
650,Gregorio,Cheesman,gcheesmani1@mlb.com,Male,119.205.114.253
651,Romola,Elsie,relsiei2@prweb.com,Female,32.123.61.11
652,Kalila,Spera,ksperai3@sun.com,Female,38.242.159.206
653,Roddy,Tolumello,rtolumelloi4@tripadvisor.com,Bigender,134.254.12.255
654,Robers,Gambie,rgambiei5@google.ru,Male,199.82.151.96
655,Alfie,Edgecumbe,aedgecumbei6@purevolume.com,Male,212.194.16.212
656,Kelsey,Kenewell,kkenewelli7@nbcnews.com,Male,29.167.61.242
657,Audry,Jewess,ajewessi8@bbb.org,Female,81.184.100.115
658,Stern,Kirtland,skirtlandi9@fc2.com,Male,14.153.199.224
659,Georg,Bancroft,gbancroftia@fema.gov,Male,223.253.17.148
660,Celka,Branney,cbranneyib@shutterfly.com,Female,130.158.10.5
661,Harriott,MacKay,hmackayic@joomla.org,Female,110.205.178.118
662,Adrian,Vise,aviseid@ed.gov,Male,56.60.155.24
663,Diena,Klemz,dklemzie@macromedia.com,Female,217.37.169.198
664,Ferguson,Orriss,forrissif@earthlink.net,Male,160.97.232.174
665,Tommi,Stanistreet,tstanistreetig@mozilla.com,Female,180.77.18.186
666,Ailbert,Luetchford,aluetchfordih@spiegel.de,Male,166.116.88.192
667,Lida,Norvell,lnorvellii@un.org,Female,1.158.121.142
668,Val,Leaney,vleaneyij@tinypic.com,Female,129.126.16.36
669,Lind,Enston,lenstonik@wisc.edu,Female,1.171.111.189
670,Abagael,MacCrossan,amaccrossanil@jigsy.com,Female,60.212.144.169
671,Arty,Bliss,ablissim@un.org,Male,233.86.253.95
672,Stefan,Dickins,sdickinsin@ovh.net,Male,141.129.28.130
673,Rodge,Cabane,rcabaneio@foxnews.com,Male,8.89.88.30
674,Harland,Vass,hvassip@yandex.ru,Male,96.204.27.52
675,Sosanna,Panner,spanneriq@ca.gov,Female,93.1.228.207
676,Aubrette,Whitfield,awhitfieldir@wunderground.com,Non-binary,191.164.226.142
677,Gill,Flahy,gflahyis@techcrunch.com,Male,97.30.239.178
678,Gail,Byway,gbywayit@qq.com,Male,190.45.98.166
679,Patric,Seden,psedeniu@usda.gov,Male,112.240.41.72
680,Urbano,Handling,uhandlingiv@sbwire.com,Male,75.3.77.12
681,Maure,Durie,mdurieiw@google.de,Female,9.217.62.123
682,Gabriello,Ilewicz,gilewiczix@google.com.hk,Male,86.88.209.61
683,Sarena,Ritch,sritchiy@telegraph.co.uk,Female,201.57.133.180
684,Marlena,Roote,mrooteiz@utexas.edu,Female,174.46.93.230
685,Catharina,Heaford,cheafordj0@hc360.com,Female,174.254.52.15
686,Muffin,DeSousa,mdesousaj1@twitpic.com,Male,5.153.234.12
687,Karlyn,Jimeno,kjimenoj2@weather.com,Female,33.221.44.114
688,Kean,Piscopo,kpiscopoj3@digg.com,Male,243.238.82.249
689,Antonella,Mower,amowerj4@zimbio.com,Female,72.204.39.81
690,Nikola,Dimitrescu,ndimitrescuj5@jiathis.com,Male,150.87.188.153
691,Raimund,Figgess,rfiggessj6@woothemes.com,Male,142.182.175.148
692,Darbee,Depka,ddepkaj7@addtoany.com,Agender,150.86.75.235
693,Tawnya,Weatherill,tweatherillj8@webeden.co.uk,Female,4.231.82.50
694,Mikol,Wilmore,mwilmorej9@storify.com,Male,111.191.38.10
695,Diann,McKerrow,dmckerrowja@adobe.com,Bigender,132.48.12.184
696,Olag,Feldbrin,ofeldbrinjb@cnbc.com,Male,71.19.64.190
697,Oralia,Dimmock,odimmockjc@nymag.com,Female,130.77.219.209
698,Wade,Crix,wcrixjd@gravatar.com,Male,140.212.58.104
699,Gerald,Poetz,gpoetzje@google.co.uk,Male,194.189.254.93
700,Jesus,Checcucci,jcheccuccijf@abc.net.au,Male,100.38.54.147
701,Berkeley,Kubista,bkubistajg@addthis.com,Genderqueer,37.115.210.237
702,Alden,Oland,aolandjh@ezinearticles.com,Genderfluid,228.101.78.36
703,Nicholas,Righy,nrighyji@cyberchimps.com,Male,255.107.30.87
704,Yuri,Mallen,ymallenjj@timesonline.co.uk,Male,5.169.9.46
705,Karil,Harbert,kharbertjk@ning.com,Female,61.127.137.218
706,Kirsti,Goodrum,kgoodrumjl@businessweek.com,Female,160.28.41.129
707,Abdul,Smidmor,asmidmorjm@squidoo.com,Male,145.68.14.139
708,Godiva,Chadd,gchaddjn@parallels.com,Female,160.39.209.161
709,Armin,Bachanski,abachanskijo@soundcloud.com,Male,111.92.208.69
710,Linn,Sharpling,lsharplingjp@zdnet.com,Female,160.94.108.128
711,Sonnnie,Gunderson,sgundersonjq@scribd.com,Female,233.142.28.192
712,Wain,MacClay,wmacclayjr@timesonline.co.uk,Male,234.230.173.225
713,Odie,Riggeard,origgeardjs@shareasale.com,Male,251.31.50.46
714,Violante,Stickney,vstickneyjt@tamu.edu,Female,207.11.7.88
715,Oralie,Rissen,orissenju@infoseek.co.jp,Female,238.165.248.131
716,Nikolos,Sancto,nsanctojv@gizmodo.com,Male,204.21.43.240
717,Antone,Purkis,apurkisjw@java.com,Male,92.143.167.129
718,Benn,Kearns,bkearnsjx@biglobe.ne.jp,Male,210.19.163.88
719,Lacee,Basset,lbassetjy@pagesperso-orange.fr,Female,21.105.4.8
720,Yancy,Scrimshire,yscrimshirejz@godaddy.com,Male,193.101.16.112
721,Luella,Seabright,lseabrightk0@about.com,Female,144.208.193.212
722,Gerald,Redwin,gredwink1@fotki.com,Male,217.185.116.37
723,Benton,Clifton,bcliftonk2@dot.gov,Male,83.181.18.169
724,Frasquito,Edmundson,fedmundsonk3@google.com.br,Male,5.22.62.148
725,Serge,McGorley,smcgorleyk4@un.org,Male,190.142.52.187
726,Caralie,Phear,cpheark5@usa.gov,Female,47.240.124.35
727,Ethe,Ogles,eoglesk6@smugmug.com,Non-binary,213.140.153.20
728,Frans,Netting,fnettingk7@taobao.com,Male,84.53.70.203
729,Nahum,Francescone,nfrancesconek8@ycombinator.com,Polygender,28.238.13.127
730,Sigismond,Bollum,sbollumk9@twitpic.com,Male,164.86.114.197
731,Lucius,Iiannone,liiannoneka@chron.com,Male,229.159.168.83
732,Alair,Layland,alaylandkb@symantec.com,Male,116.127.178.209
733,Mechelle,Fraulo,mfraulokc@usnews.com,Non-binary,233.232.119.59
734,Denny,Dahl,ddahlkd@va.gov,Female,104.201.252.69
735,Babs,Kennelly,bkennellyke@tinypic.com,Agender,25.185.127.198
736,Libbie,Crop,lcropkf@bigcartel.com,Female,8.125.107.239
737,Lyman,Grew,lgrewkg@shareasale.com,Male,176.138.114.181
738,Kariotta,Budge,kbudgekh@utexas.edu,Female,50.33.14.1
739,Celinka,Bee,cbeeki@odnoklassniki.ru,Female,228.48.98.253
740,Georgie,Skeech,gskeechkj@google.com.au,Male,247.34.177.105
741,Joachim,McBrier,jmcbrierkk@si.edu,Male,172.61.255.51
742,Graeme,Viel,gvielkl@stumbleupon.com,Male,216.126.1.205
743,Wadsworth,De Filippis,wdefilippiskm@upenn.edu,Bigender,210.198.17.205
744,Emili,Panketh,epankethkn@github.com,Female,208.48.173.29
745,Elladine,Rabbage,erabbageko@comcast.net,Female,52.100.139.27
746,Blaine,Coltart,bcoltartkp@ucla.edu,Male,129.236.36.123
747,Darn,Cousins,dcousinskq@about.me,Polygender,116.79.48.4
748,Justino,Griss,jgrisskr@senate.gov,Male,151.137.95.201
749,Korry,Condy,kcondyks@ted.com,Polygender,76.254.62.59
750,Brynn,Lyst,blystkt@oakley.com,Female,22.123.95.82
751,Brandon,Coger,bcogerku@qq.com,Male,143.223.123.247
752,Constantia,Hands,chandskv@artisteer.com,Female,126.201.63.191
753,Winnah,Livesay,wlivesaykw@state.gov,Female,198.167.115.25
754,Cristionna,Guerreau,cguerreaukx@blogs.com,Female,224.139.239.193
755,Karney,Crake,kcrakeky@360.cn,Male,222.198.9.197
756,Kareem,Brose,kbrosekz@canalblog.com,Male,15.242.206.91
757,Zed,Langrish,zlangrishl0@squidoo.com,Male,44.206.93.225
758,Annmarie,Ussher,aussherl1@dedecms.com,Female,216.232.186.88
759,April,Trownson,atrownsonl2@zimbio.com,Female,50.188.51.72
760,Halette,Cordingly,hcordinglyl3@dell.com,Female,119.202.107.212
761,Van,Marriot,vmarriotl4@g.co,Female,109.57.250.217
762,Dorey,Mariel,dmariell5@sakura.ne.jp,Male,6.183.129.83
763,Lauri,Petasch,lpetaschl6@walmart.com,Female,116.230.219.30
764,Pedro,Ramlot,pramlotl7@sitemeter.com,Non-binary,160.75.101.165
765,Cody,Sandeman,csandemanl8@skyrock.com,Female,209.159.141.166
766,Arly,Fishpoole,afishpoolel9@php.net,Female,12.184.98.171
767,Jacinda,Prinne,jprinnela@slashdot.org,Female,23.23.218.198
768,Eleanor,Skirlin,eskirlinlb@auda.org.au,Female,79.72.80.90
769,Nealson,Braemer,nbraemerlc@msu.edu,Male,160.8.97.70
770,Yvor,O'Flynn,yoflynnld@mail.ru,Male,201.109.251.29
771,Sukey,Bambridge,sbambridgele@dmoz.org,Female,174.241.129.86
772,Dame,Bradd,dbraddlf@guardian.co.uk,Genderqueer,162.45.178.58
773,Keri,Hotton,khottonlg@mayoclinic.com,Agender,90.219.16.188
774,Marney,Harbard,mharbardlh@lycos.com,Polygender,197.160.108.86
775,Agathe,Baroux,abarouxli@list-manage.com,Female,78.102.182.234
776,Pascale,Tree,ptreelj@thetimes.co.uk,Male,167.109.248.240
777,Yetty,Ringham,yringhamlk@globo.com,Female,109.81.4.125
778,Nevil,Fraczak,nfraczakll@wikispaces.com,Male,101.59.226.139
779,Lucius,Inwood,linwoodlm@mediafire.com,Male,225.130.101.53
780,Jacky,Doppler,jdopplerln@wikimedia.org,Male,156.213.197.231
781,Dareen,MacShane,dmacshanelo@bing.com,Female,247.94.62.123
782,Paxon,Bispham,pbisphamlp@who.int,Male,239.135.165.66
783,Tonya,Timblett,ttimblettlq@yale.edu,Female,255.221.232.43
784,Leonelle,Ghost,lghostlr@bing.com,Female,18.223.213.186
785,Margarette,Vickery,mvickeryls@angelfire.com,Female,105.113.77.111
786,Reagan,Oldcroft,roldcroftlt@google.cn,Male,35.108.243.236
787,Ilysa,Rapi,irapilu@tripadvisor.com,Female,53.196.221.131
788,Damiano,Twyford,dtwyfordlv@pinterest.com,Male,10.23.109.90
789,Kerry,Lawrence,klawrencelw@bizjournals.com,Female,67.95.98.204
790,Sallyann,Blodgetts,sblodgettslx@canalblog.com,Female,71.155.138.99
791,Ario,Lakeland,alakelandly@sciencedaily.com,Male,56.119.75.113
792,Anthia,Sijmons,asijmonslz@devhub.com,Genderfluid,235.29.101.1
793,Darice,Torns,dtornsm0@webmd.com,Female,239.66.70.80
794,Wrennie,Ruddom,wruddomm1@mysql.com,Non-binary,48.254.57.131
795,Ophelia,Jobin,ojobinm2@newyorker.com,Female,234.49.56.77
796,Galina,Benmore,gbenmorem3@miibeian.gov.cn,Female,228.22.154.242
797,Abbey,McArdle,amcardlem4@cargocollective.com,Female,23.82.151.216
798,Melody,Youell,myouellm5@java.com,Female,10.141.0.222
799,Bay,Freddi,bfreddim6@wisc.edu,Male,110.88.213.225
800,Paquito,Eastment,peastmentm7@unblog.fr,Male,134.189.55.163
801,Vaughn,Coughtrey,vcoughtreym8@admin.ch,Male,6.8.13.136
802,Rollin,Wallicker,rwallickerm9@naver.com,Male,200.84.160.219
803,Gabe,Latta,glattama@japanpost.jp,Male,9.242.16.233
804,Selby,Guidone,sguidonemb@omniture.com,Male,110.255.144.47
805,Davidde,Dast,ddastmc@freewebs.com,Non-binary,25.217.202.62
806,Maxie,Ovitts,movittsmd@senate.gov,Male,46.143.189.164
807,Devin,Sloat,dsloatme@liveinternet.ru,Female,193.47.62.160
808,Falito,Greeson,fgreesonmf@timesonline.co.uk,Male,117.182.213.43
809,Luther,Brosel,lbroselmg@1688.com,Male,171.147.226.212
810,Sylas,Staddon,sstaddonmh@flickr.com,Male,229.254.189.1
811,Roosevelt,Hinze,rhinzemi@china.com.cn,Male,227.57.215.54
812,Willow,Riggey,wriggeymj@slideshare.net,Female,54.152.2.46
813,Svend,Swinnard,sswinnardmk@fastcompany.com,Male,62.126.99.191
814,Marianna,Mattiuzzi,mmattiuzziml@msu.edu,Female,94.186.39.34
815,Marlane,Cummins,mcumminsmm@blogtalkradio.com,Female,51.64.61.180
816,Algernon,Lathe,alathemn@fc2.com,Male,55.129.186.39
817,Janaya,Reuther,jreuthermo@aol.com,Female,8.62.47.233
818,Cassie,Hartop,chartopmp@marketwatch.com,Polygender,122.105.151.198
819,Jameson,Davitti,jdavittimq@1688.com,Male,234.108.188.178
820,Frederich,Linke,flinkemr@usatoday.com,Male,108.203.157.77
821,Mychal,Van der Baaren,mvanderbaarenms@flavors.me,Male,228.228.83.0
822,Harlin,Annand,hannandmt@elegantthemes.com,Male,20.50.78.7
823,Kary,Fochs,kfochsmu@freewebs.com,Female,240.71.248.121
824,Chen,Albany,calbanymv@freewebs.com,Male,98.229.63.10
825,Eldridge,Swinbourne,eswinbournemw@angelfire.com,Male,137.47.67.20
826,Marcy,Madison,mmadisonmx@ibm.com,Female,237.105.161.196
827,Germain,Mabon,gmabonmy@mapquest.com,Female,118.200.50.242
828,Skippie,Brigginshaw,sbrigginshawmz@facebook.com,Male,134.167.157.41
829,Ed,Shanks,eshanksn0@cpanel.net,Male,112.56.129.152
830,Judith,Beidebeke,jbeidebeken1@youtube.com,Female,141.112.152.83
831,Benn,Deaconson,bdeaconsonn2@php.net,Male,71.232.112.15
832,Berkly,Ferschke,bferschken3@slate.com,Male,86.70.251.69
833,Ninnetta,Hadwin,nhadwinn4@fema.gov,Female,230.214.53.26
834,Valentijn,Seally,vseallyn5@networksolutions.com,Male,225.207.182.158
835,Buckie,Morson,bmorsonn6@clickbank.net,Male,137.76.82.183
836,Ulises,Itchingham,uitchinghamn7@tmall.com,Male,79.109.249.26
837,Ferdinanda,Orrice,forricen8@stumbleupon.com,Female,137.232.9.12
838,Bartlett,Gaitone,bgaitonen9@accuweather.com,Male,12.250.165.100
839,Fenelia,Swinfen,fswinfenna@alibaba.com,Female,158.224.242.46
840,Brocky,Luety,bluetynb@drupal.org,Male,230.89.172.18
841,Amos,Reffe,areffenc@vkontakte.ru,Male,38.45.87.164
842,Susy,Ducarne,sducarnend@1und1.de,Female,168.1.140.26
843,Mateo,Sheering,msheeringne@furl.net,Male,18.121.122.211
844,Ange,Kynoch,akynochnf@geocities.com,Male,10.161.218.170
845,Clayson,Gentzsch,cgentzschng@jigsy.com,Male,172.180.72.52
846,Carroll,Behninck,cbehnincknh@tmall.com,Male,42.183.35.179
847,Jocelyn,Beams,jbeamsni@cisco.com,Female,75.169.33.104
848,Ari,Helsdon,ahelsdonnj@creativecommons.org,Male,230.214.234.82
849,Faye,Stoffler,fstofflernk@va.gov,Female,117.232.179.104
850,Georgeta,Colly,gcollynl@netvibes.com,Female,115.88.169.106
851,Emmy,Busson,ebussonnm@tmall.com,Female,174.15.142.161
852,Beltran,Master,bmasternn@parallels.com,Male,137.66.100.248
853,Roberta,Lightning,rlightningno@forbes.com,Female,207.111.26.91
854,Lambert,Gatcliff,lgatcliffnp@amazon.co.uk,Male,45.146.117.45
855,Judith,Sokale,jsokalenq@sciencedaily.com,Female,124.144.121.98
856,Shari,Cady,scadynr@ycombinator.com,Female,150.168.181.129
857,Kelci,Gammel,kgammelns@list-manage.com,Female,14.20.55.76
858,Abeu,Laurisch,alaurischnt@cpanel.net,Male,97.46.232.254
859,Karon,Bellis,kbellisnu@reddit.com,Female,38.26.130.120
860,Brit,McGillacoell,bmcgillacoellnv@sfgate.com,Female,146.62.163.9
861,Brana,Heath,bheathnw@slashdot.org,Female,29.64.23.29
862,Alanson,Janus,ajanusnx@mediafire.com,Male,127.136.5.216
863,Rolando,O'Carrol,rocarrolny@admin.ch,Male,206.9.142.203
864,Fionnula,Cantua,fcantuanz@nature.com,Female,36.167.162.254
865,Mort,Weems,mweemso0@nps.gov,Male,81.200.17.193
866,Darin,Tebbet,dtebbeto1@mapquest.com,Male,28.101.214.67
867,Tandie,D'Aubney,tdaubneyo2@go.com,Female,166.169.140.167
868,Allis,McCaskill,amccaskillo3@blog.com,Female,49.174.178.42
869,Maxine,Galpin,mgalpino4@odnoklassniki.ru,Genderqueer,104.120.55.211
870,Dacia,Skinn,dskinno5@4shared.com,Female,221.94.57.140
871,Luther,Searchfield,lsearchfieldo6@dagondesign.com,Male,30.6.119.173
872,Travers,De La Cote,tdelacoteo7@myspace.com,Male,136.21.219.225
873,Woodrow,Layne,wlayneo8@1688.com,Male,62.202.67.223
874,Stephani,Scrowson,sscrowsono9@nbcnews.com,Female,145.55.159.18
875,Peder,Hastwell,phastwelloa@seattletimes.com,Male,46.79.177.52
876,Ansel,Beney,abeneyob@yahoo.co.jp,Bigender,92.229.170.218
877,Babbie,Kimmince,bkimminceoc@bigcartel.com,Female,112.98.1.73
878,Hazlett,Renzo,hrenzood@google.cn,Male,157.36.222.224
879,Joella,Charpling,jcharplingoe@bluehost.com,Female,140.140.144.111
880,Dorolisa,Northen,dnorthenof@taobao.com,Female,118.200.121.131
881,Cassandre,McIsaac,cmcisaacog@addthis.com,Female,118.73.10.227
882,Maurizio,Starte,mstarteoh@bigcartel.com,Male,171.122.65.174
883,Roldan,Cowpertwait,rcowpertwaitoi@reference.com,Male,198.109.30.237
884,Lanni,McKerton,lmckertonoj@newyorker.com,Female,113.81.68.190
885,Curcio,Halbeard,chalbeardok@craigslist.org,Male,13.147.91.72
886,Luciano,Hinze,lhinzeol@house.gov,Male,222.199.61.230
887,Theo,Skippon,tskipponom@independent.co.uk,Male,194.138.179.39
888,Alvis,Orans,aoranson@devhub.com,Male,100.107.42.45
889,Karlis,MacCroary,kmaccroaryoo@cyberchimps.com,Male,193.7.207.220
890,Lyman,Weald,lwealdop@marriott.com,Male,31.174.122.229
891,Klemens,Birt,kbirtoq@home.pl,Male,47.249.58.136
892,Field,Wynne,fwynneor@cbc.ca,Male,76.17.42.163
893,Olga,Di Matteo,odimatteoos@newsvine.com,Female,226.98.49.242
894,Sal,Urian,surianot@edublogs.org,Bigender,196.146.195.156
895,Rabi,Keay,rkeayou@epa.gov,Male,246.181.27.163
896,Dolli,Mulbry,dmulbryov@infoseek.co.jp,Genderqueer,125.17.84.252
897,Toby,Eckhard,teckhardow@eepurl.com,Female,155.223.201.123
898,Nathalie,Kubis,nkubisox@symantec.com,Female,193.192.75.53
899,Kally,Hymas,khymasoy@aol.com,Female,86.206.190.58
900,Aime,Ruse,aruseoz@intel.com,Female,38.127.203.76
901,Margi,Rawsen,mrawsenp0@usda.gov,Female,61.139.254.170
902,Garry,Taveriner,gtaverinerp1@arizona.edu,Male,63.210.206.53
903,Anabal,Manueau,amanueaup2@patch.com,Female,158.240.215.138
904,Killie,Trippitt,ktrippittp3@wikia.com,Male,135.110.96.253
905,Crissie,Gendricke,cgendrickep4@zimbio.com,Female,177.39.14.53
906,Isaiah,Bywaters,ibywatersp5@weebly.com,Male,178.46.35.105
907,Jojo,D'Alessio,jdalessiop6@bigcartel.com,Female,70.222.248.137
908,Garv,Clinning,gclinningp7@over-blog.com,Male,83.227.232.172
909,Hilly,O'Neary,honearyp8@twitpic.com,Male,205.249.110.120
910,Heindrick,Tucker,htuckerp9@youtube.com,Male,230.254.86.227
911,Gerianna,Smiths,gsmithspa@qq.com,Female,132.173.153.44
912,Krishnah,Adran,kadranpb@a8.net,Male,213.97.58.222
913,Bell,Ceely,bceelypc@indiegogo.com,Female,175.152.95.115
914,Adolphe,Sabine,asabinepd@wiley.com,Male,173.227.212.180
915,Hedi,Rollings,hrollingspe@163.com,Female,195.192.135.196
916,Darnall,Sellner,dsellnerpf@barnesandnoble.com,Male,54.201.43.214
917,Johnathan,MacPeake,jmacpeakepg@telegraph.co.uk,Male,143.99.66.93
918,Lorine,Eborn,lebornph@cocolog-nifty.com,Female,63.81.172.24
919,Reina,Turnor,rturnorpi@tumblr.com,Female,237.19.39.51
920,Glenna,Treadgear,gtreadgearpj@bloglines.com,Female,202.65.170.9
921,Broddie,Wieprecht,bwieprechtpk@nbcnews.com,Genderfluid,254.109.190.56
922,Aloysia,Pedder,apedderpl@howstuffworks.com,Female,139.232.8.142
923,Kriste,Gartin,kgartinpm@msu.edu,Female,80.41.11.83
924,Nicol,Tetlow,ntetlowpn@sogou.com,Male,225.78.13.97
925,Elonore,Beert,ebeertpo@google.com.hk,Female,64.199.100.94
926,Pren,Tonepohl,ptonepohlpp@xrea.com,Male,69.244.135.191
927,Emalia,Hartmann,ehartmannpq@yale.edu,Female,142.35.233.248
928,Townsend,Ginni,tginnipr@icio.us,Male,111.221.14.89
929,Caz,Greenwood,cgreenwoodps@prnewswire.com,Male,9.179.136.239
930,Yvonne,Wyman,ywymanpt@princeton.edu,Female,131.144.241.229
931,Enrico,Thrasher,ethrasherpu@printfriendly.com,Male,29.135.227.111
932,Rosalind,DeSousa,rdesousapv@odnoklassniki.ru,Female,68.140.51.43
933,Phaidra,McMylor,pmcmylorpw@washington.edu,Female,1.135.228.81
934,Tarah,Ormistone,tormistonepx@about.com,Female,170.119.69.2
935,Jean,Kelshaw,jkelshawpy@jalbum.net,Male,45.4.36.3
936,Tuckie,Desesquelle,tdesesquellepz@eepurl.com,Male,217.118.195.243
937,Leif,Klambt,lklambtq0@unblog.fr,Male,42.0.201.234
938,Tull,Sineath,tsineathq1@elpais.com,Male,11.113.96.194
939,Clyve,Ickowicz,cickowiczq2@opensource.org,Male,94.207.37.225
940,Syman,Pellitt,spellittq3@eventbrite.com,Male,120.138.219.61
941,Sandy,Tock,stockq4@dropbox.com,Male,212.14.19.221
942,Gareth,Meredith,gmeredithq5@tamu.edu,Male,210.22.201.178
943,Lisha,Gunningham,lgunninghamq6@yandex.ru,Genderfluid,152.218.178.221
944,Orin,Inott,oinottq7@delicious.com,Male,106.80.59.132
945,Dasi,Huglin,dhuglinq8@spotify.com,Female,15.184.17.150
946,Daniela,Duggen,dduggenq9@nbcnews.com,Female,162.234.52.132
947,Briney,Simoens,bsimoensqa@narod.ru,Bigender,81.160.102.122
948,Harriott,MacCaffery,hmaccafferyqb@friendfeed.com,Female,35.89.68.246
949,Alejandrina,Braddock,abraddockqc@t.co,Female,155.145.89.217
950,Samara,Tadd,staddqd@google.cn,Female,155.168.99.193
951,Calv,Banham,cbanhamqe@java.com,Male,116.224.136.213
952,Leopold,Dalgetty,ldalgettyqf@vistaprint.com,Male,228.194.30.26
953,Gates,McNae,gmcnaeqg@google.de,Female,29.2.130.76
954,Dell,Isakov,disakovqh@tinypic.com,Male,237.26.6.139
955,Fae,Longina,flonginaqi@businesswire.com,Female,214.217.7.145
956,Wilfrid,Greatbach,wgreatbachqj@etsy.com,Male,168.49.43.59
957,Tucky,Pree,tpreeqk@slideshare.net,Male,65.57.93.119
958,Errol,Boake,eboakeql@pen.io,Male,247.235.12.24
959,Oliver,Walley,owalleyqm@goo.gl,Male,65.58.25.203
960,Aristotle,Aymer,aaymerqn@cbsnews.com,Male,42.134.8.118
961,Esme,Strand,estrandqo@berkeley.edu,Male,9.165.29.253
962,Marylinda,Petrasso,mpetrassoqp@mapquest.com,Female,160.207.14.139
963,Lexy,Bambery,lbamberyqq@amazon.de,Female,182.221.180.169
964,Katy,Cometti,kcomettiqr@zimbio.com,Female,55.194.49.96
965,Arluene,Everingham,aeveringhamqs@redcross.org,Female,74.111.139.223
966,Jami,Driussi,jdriussiqt@mysql.com,Female,181.7.140.16
967,Berne,Lynock,blynockqu@bbc.co.uk,Male,140.43.161.21
968,Fran,Mold,fmoldqv@shutterfly.com,Female,163.66.113.197
969,Vinnie,Hardman,vhardmanqw@twitter.com,Polygender,13.38.148.7
970,Graig,Cockings,gcockingsqx@go.com,Male,209.166.26.23
971,Sukey,Beastall,sbeastallqy@mozilla.org,Female,72.238.37.33
972,Griz,O' Meara,gomearaqz@cnbc.com,Genderfluid,159.39.149.133
973,Darci,O'Criane,docrianer0@dmoz.org,Female,170.76.78.169
974,Hale,Dalgetty,hdalgettyr1@cnet.com,Male,177.14.127.61
975,Giff,Josephs,gjosephsr2@nba.com,Male,5.168.126.29
976,Dolores,Matzkaitis,dmatzkaitisr3@wikipedia.org,Bigender,130.58.157.217
977,Far,Minster,fminsterr4@bbc.co.uk,Male,63.107.227.29
978,Etty,Whyley,ewhyleyr5@linkedin.com,Female,96.53.167.177
979,Natty,Brookfield,nbrookfieldr6@newsvine.com,Male,200.170.158.152
980,Alasdair,Joscelin,ajoscelinr7@vkontakte.ru,Male,85.111.123.132
981,Renie,Casella,rcasellar8@comsenz.com,Female,78.41.235.151
982,Gina,Bugden,gbugdenr9@ucoz.com,Female,171.103.72.135
983,Erek,Buckhurst,ebuckhurstra@disqus.com,Male,66.48.67.39
984,Humbert,Fontanet,hfontanetrb@zdnet.com,Male,10.214.174.25
985,Goldia,Zettoi,gzettoirc@people.com.cn,Agender,169.255.2.54
986,Ermin,Beardow,ebeardowrd@amazon.com,Male,16.96.55.162
987,Rory,Skeels,rskeelsre@wunderground.com,Female,198.28.96.137
988,Roanna,McFadzean,rmcfadzeanrf@msu.edu,Female,32.121.129.27
989,Gerrie,Crichmer,gcrichmerrg@wufoo.com,Male,12.184.101.150
990,Madelon,Hewes,mhewesrh@bandcamp.com,Female,26.157.160.238
991,Beltran,Daingerfield,bdaingerfieldri@slashdot.org,Male,229.181.10.175
992,Haleigh,Coldbreath,hcoldbreathrj@ehow.com,Male,137.183.85.190
993,Didi,Adanez,dadanezrk@microsoft.com,Female,19.207.237.193
994,Chadwick,Pereira,cpereirarl@vimeo.com,Male,201.189.13.81
995,Cathleen,Oughtright,coughtrightrm@cafepress.com,Female,146.49.208.22
996,Emmet,Trathen,etrathenrn@theguardian.com,Male,66.239.58.24
997,Ewen,Tallon,etallonro@youtube.com,Male,153.253.19.119
998,Sharona,Korn,skornrp@latimes.com,Female,67.46.79.166
999,Romola,Possel,rposselrq@fastcompany.com,Female,175.144.76.126
1000,Dionisio,Been,dbeenrr@altervista.org,Male,25.109.37.191
