id,first_name,last_name,email,gender,ip_address
1,Tiffani,Smidmore,tsmidmore0@qq.com,Female,68.139.247.106
2,Babette,Gery,bgery1@bbc.co.uk,Female,66.156.57.212
3,Ursa,Whyatt,uwhyatt2@nbcnews.com,Female,224.205.91.17
4,Artemis,Curton,acurton3@storify.com,Male,165.70.189.226
5,Theodor,Barke,tbarke4@bloglovin.com,Male,88.227.4.169
6,Estel,Minnock,eminnock5@lycos.com,Female,26.97.5.83
7,Kimbra,Ohrt,kohrt6@spiegel.de,Female,228.25.85.109
8,Shellysheldon,Woolvett,swoolvett7@washingtonpost.com,Male,129.153.215.81
9,Teirtza,Tewnion,ttewnion8@posterous.com,Female,77.89.158.253
10,Walker,Ferrige,wferrige9@msn.com,Male,243.208.19.104
11,Aprilette,Rose,arosea@yolasite.com,Female,203.234.186.153
12,Uri,Oliveras,uoliverasb@cdc.gov,Genderqueer,87.91.141.119
13,Beltran,Angrock,bangrockc@theatlantic.com,Male,126.59.179.80
14,Noelani,Fliege,nflieged@last.fm,Female,96.111.221.152
15,Rafaelia,Shotboult,rshotboulte@phpbb.com,Female,183.251.60.10
16,Harriet,Chatelet,hchateletf@npr.org,Female,160.226.94.142
17,Alane,Camous,acamousg@reference.com,Female,193.184.25.240
18,Jen,Frazier,jfrazierh@purevolume.com,Female,111.126.89.84
19,Morlee,Barnardo,mbarnardoi@salon.com,Male,23.59.218.190
20,Gustaf,Constable,gconstablej@wufoo.com,Male,54.212.99.246
21,Bourke,MacCafferky,bmaccafferkyk@paypal.com,Male,61.150.185.60
22,Isidro,Morrad,imorradl@blinklist.com,Male,157.49.14.250
23,Claudius,Annwyl,cannwylm@webs.com,Male,178.135.165.15
24,Sadye,Twyning,stwyningn@forbes.com,Female,226.30.46.48
25,Ivonne,Galier,igaliero@sogou.com,Female,66.226.125.100
26,Ambrosius,Grinaway,agrinawayp@sun.com,Male,38.47.73.21
27,Aaron,Messier,amessierq@list-manage.com,Male,191.184.25.244
28,Rowe,Winters,rwintersr@nature.com,Female,204.103.171.248
29,Kevon,Kennewell,kkennewells@google.es,Male,178.138.167.131
30,Nanci,Ghidini,nghidinit@ibm.com,Female,153.135.151.115
31,Wendye,Dericot,wdericotu@dyndns.org,Female,168.108.43.89
32,Chadwick,Studdal,cstuddalv@dailymotion.com,Male,124.188.37.153
33,Pen,Balcock,pbalcockw@bing.com,Female,164.129.151.67
34,Halie,Henstridge,hhenstridgex@sfgate.com,Female,114.64.37.244
35,Mahmoud,Elacoate,melacoatey@ftc.gov,Male,101.144.149.62
36,Keen,Cassimer,kcassimerz@zdnet.com,Male,91.245.22.254
37,Kermy,Bartomieu,kbartomieu10@exblog.jp,Male,91.252.112.67
38,Beverley,Dellenbroker,bdellenbroker11@shareasale.com,Female,209.212.174.95
39,Caesar,Mayell,cmayell12@stanford.edu,Male,146.227.138.243
40,Mitzi,Clingoe,mclingoe13@phpbb.com,Female,182.243.191.220
41,Brittan,Kleisel,bkleisel14@noaa.gov,Female,213.135.2.146
42,Maxy,Pechet,mpechet15@netscape.com,Male,4.16.110.28
43,Adriane,Marten,amarten16@bloomberg.com,Female,184.172.141.209
44,Leoine,Bownes,lbownes17@edublogs.org,Female,60.35.158.195
45,Cindy,Gunter,cgunter18@blogger.com,Female,54.220.28.229
46,Hobart,Rawcliffe,hrawcliffe19@accuweather.com,Male,190.104.172.231
47,Donny,Patriskson,dpatriskson1a@cbc.ca,Male,243.251.247.78
48,Neil,Wickman,nwickman1b@friendfeed.com,Male,61.116.103.217
49,Moe,Colquitt,mcolquitt1c@dagondesign.com,Male,159.147.87.100
50,Nikita,Lukash,nlukash1d@buzzfeed.com,Male,119.211.138.209
51,Rudie,Jeffress,rjeffress1e@hao123.com,Male,211.230.197.200
52,Edeline,Fechnie,efechnie1f@nature.com,Female,73.104.17.52
53,Levin,Prydie,lprydie1g@about.com,Male,177.40.73.45
54,Sharlene,Gentiry,sgentiry1h@barnesandnoble.com,Polygender,107.174.86.119
55,Shanon,Meeks,smeeks1i@ca.gov,Agender,222.190.50.81
56,Bernadine,Fominov,bfominov1j@imageshack.us,Female,142.112.136.3
57,Findley,McCaughan,fmccaughan1k@examiner.com,Male,212.108.39.16
58,Schuyler,Leisk,sleisk1l@sbwire.com,Male,64.34.37.19
59,Theobald,Whooley,twhooley1m@ca.gov,Male,170.0.85.187
60,Lesly,Scates,lscates1n@qq.com,Female,169.229.178.248
61,Auroora,Balogh,abalogh1o@clickbank.net,Female,138.13.69.95
62,Sibby,Huske,shuske1p@dot.gov,Female,119.241.192.106
63,Shir,Prydden,sprydden1q@behance.net,Female,179.170.213.223
64,Georgette,Bulled,gbulled1r@foxnews.com,Female,226.93.14.151
65,Katherine,Wickenden,kwickenden1s@desdev.cn,Female,4.230.185.189
66,Dylan,Ellin,dellin1t@studiopress.com,Male,237.111.56.178
67,Ortensia,Jealous,ojealous1u@sbwire.com,Female,194.202.211.36
68,Hector,Formilli,hformilli1v@linkedin.com,Male,2.85.52.240
69,Berthe,Spry,bspry1w@cnbc.com,Female,108.153.86.246
70,Rafael,Blabie,rblabie1x@wordpress.org,Male,163.59.83.52
71,Loella,Perelli,lperelli1y@usnews.com,Female,51.135.53.58
72,Hinda,Petracco,hpetracco1z@angelfire.com,Female,133.136.82.102
73,Lyssa,Dunne,ldunne20@wired.com,Female,176.194.243.211
74,Giraud,Maron,gmaron21@addthis.com,Male,188.203.124.42
75,Aubrey,Marchington,amarchington22@weather.com,Male,52.36.252.131
76,Jedidiah,Moorhouse,jmoorhouse23@addtoany.com,Male,204.156.94.133
77,Eyde,Clubbe,eclubbe24@sina.com.cn,Female,175.233.241.187
78,Izzy,Tims,itims25@yahoo.co.jp,Male,237.30.198.112
79,Alix,Mellem,amellem26@rediff.com,Female,245.8.234.204
80,Andras,Elbourn,aelbourn27@flavors.me,Male,115.246.93.0
81,Glory,Divers,gdivers28@youku.com,Female,137.67.150.100
82,Camey,Prott,cprott29@vistaprint.com,Male,72.16.171.237
83,Filippa,Scala,fscala2a@hhs.gov,Female,223.73.46.241
84,Di,Birdwhistell,dbirdwhistell2b@phoca.cz,Female,185.144.234.113
85,Breanne,Muckersie,bmuckersie2c@simplemachines.org,Non-binary,26.130.172.96
86,Gunter,Kingsmill,gkingsmill2d@reuters.com,Male,165.147.153.80
87,Rufus,Callister,rcallister2e@eventbrite.com,Male,103.251.1.245
88,Nikolai,Baudins,nbaudins2f@nydailynews.com,Male,130.105.41.98
89,Douglas,Beare,dbeare2g@ovh.net,Male,118.224.83.60
90,Winthrop,Dismore,wdismore2h@japanpost.jp,Male,8.255.178.193
91,Jourdain,Bridgwood,jbridgwood2i@edublogs.org,Male,184.68.219.254
92,North,Carcass,ncarcass2j@google.co.jp,Agender,144.202.71.130
93,Eugene,Pipes,epipes2k@apple.com,Non-binary,79.193.204.19
94,Kania,Dolton,kdolton2l@cpanel.net,Female,97.231.12.160
95,Faun,Platt,fplatt2m@printfriendly.com,Female,75.204.31.168
96,Lynea,Possell,lpossell2n@furl.net,Genderqueer,223.183.188.249
97,Anders,Dulinty,adulinty2o@icio.us,Male,141.212.196.251
98,Torey,Skelhorn,tskelhorn2p@utexas.edu,Male,160.24.245.188
99,Cyrus,Sowrey,csowrey2q@msu.edu,Polygender,33.79.225.255
100,Samantha,Heijne,sheijne2r@jimdo.com,Female,94.105.224.80
101,Husain,Brandli,hbrandli2s@va.gov,Male,143.219.252.127
102,Ketty,Frankis,kfrankis2t@elegantthemes.com,Female,0.183.162.50
103,Worthy,Brearley,wbrearley2u@wix.com,Non-binary,109.114.145.191
104,Rufe,Britnell,rbritnell2v@vkontakte.ru,Male,162.36.118.4
105,Lutero,Charrier,lcharrier2w@miibeian.gov.cn,Male,35.63.1.225
106,Derril,Franken,dfranken2x@storify.com,Male,27.249.65.212
107,Imogen,Wheatley,iwheatley2y@webnode.com,Female,163.121.127.55
108,Renault,Annandale,rannandale2z@squidoo.com,Male,162.234.49.107
109,Minnie,Kimbell,mkimbell30@nsw.gov.au,Female,248.86.178.135
110,Sofie,Langcaster,slangcaster31@abc.net.au,Female,87.28.82.161
111,Roana,O'Donnelly,rodonnelly32@artisteer.com,Female,244.47.243.94
112,Maurits,Routhorn,mrouthorn33@comcast.net,Male,216.118.184.49
113,Clarette,Goodee,cgoodee34@yahoo.com,Female,44.43.207.15
114,Saleem,Gorce,sgorce35@businesswire.com,Male,193.39.33.225
115,Emlynne,Canero,ecanero36@purevolume.com,Female,128.64.85.57
116,Ginni,Boseley,gboseley37@vimeo.com,Female,184.159.224.218
117,Crystie,Ruzicka,cruzicka38@123-reg.co.uk,Female,92.16.193.61
118,Bertha,Leggin,bleggin39@spotify.com,Female,35.15.238.195
119,Elke,Tapsell,etapsell3a@nhs.uk,Female,168.251.96.23
120,Alecia,Sobczak,asobczak3b@jalbum.net,Female,46.203.31.105
121,Margarette,De Brett,mdebrett3c@upenn.edu,Female,125.29.129.87
122,Godard,Kneebone,gkneebone3d@livejournal.com,Male,197.120.84.36
123,Glenine,Opie,gopie3e@stumbleupon.com,Polygender,155.60.170.90
124,Benoit,Handling,bhandling3f@tripod.com,Male,58.142.42.172
125,Zarah,Eastbury,zeastbury3g@vinaora.com,Female,136.13.182.89
126,Pate,Beaumont,pbeaumont3h@howstuffworks.com,Polygender,62.84.199.17
127,Barty,Pinch,bpinch3i@multiply.com,Male,220.126.99.201
128,Lane,Gorring,lgorring3j@spiegel.de,Male,69.168.178.27
129,Nana,Shippard,nshippard3k@accuweather.com,Female,179.7.233.169
130,Abra,Bard,abard3l@reference.com,Female,70.150.70.30
131,Nara,Bracknell,nbracknell3m@last.fm,Female,230.46.156.130
132,Mandel,Lemanu,mlemanu3n@zdnet.com,Male,186.69.233.176
133,Merwyn,Giller,mgiller3o@usatoday.com,Male,181.71.134.154
134,Ferrel,Yaknov,fyaknov3p@technorati.com,Male,29.74.208.243
135,Nanon,Klageman,nklageman3q@blinklist.com,Female,235.192.5.176
136,Brier,Burgin,bburgin3r@ted.com,Female,178.47.48.15
137,Genna,Penright,gpenright3s@networkadvertising.org,Female,0.125.139.67
138,Krispin,Petrowsky,kpetrowsky3t@china.com.cn,Male,214.126.38.221
139,Thomas,Goadbie,tgoadbie3u@fotki.com,Male,34.208.63.129
140,Ninette,Deerness,ndeerness3v@indiegogo.com,Female,189.51.165.213
141,Saw,Nenci,snenci3w@storify.com,Non-binary,151.107.191.84
142,Danice,Kenninghan,dkenninghan3x@loc.gov,Female,159.32.23.23
143,Vanni,Cyples,vcyples3y@miitbeian.gov.cn,Female,113.175.162.167
144,Albertine,Chable,achable3z@so-net.ne.jp,Female,70.27.104.142
145,My,Walls,mwalls40@wired.com,Polygender,144.228.102.247
146,Freddie,Richardet,frichardet41@yolasite.com,Female,28.61.131.163
147,Reggie,Cockley,rcockley42@opensource.org,Male,62.52.182.65
148,Kinny,Ewbanche,kewbanche43@is.gd,Male,203.159.121.238
149,Finn,Legging,flegging44@seattletimes.com,Male,175.26.129.215
150,Clara,Skeeles,cskeeles45@vimeo.com,Female,9.65.229.246
151,Mel,Discombe,mdiscombe46@simplemachines.org,Female,90.220.39.232
152,Stanford,Tame,stame47@scientificamerican.com,Non-binary,65.6.29.101
153,Gloria,Bickerstasse,gbickerstasse48@mediafire.com,Female,101.4.177.113
154,Justine,Bernade,jbernade49@phoca.cz,Female,79.79.6.171
155,Megen,Boldecke,mboldecke4a@abc.net.au,Female,228.158.60.96
156,Stefano,Takis,stakis4b@rediff.com,Male,160.192.238.52
157,Katerine,Meanwell,kmeanwell4c@msu.edu,Female,185.8.193.43
158,Dennis,Edmonds,dedmonds4d@hexun.com,Male,51.74.115.200
159,Collete,Astley,castley4e@ow.ly,Female,71.212.212.197
160,Egbert,Albert,ealbert4f@csmonitor.com,Male,75.174.210.106
161,Ernest,Basnall,ebasnall4g@sohu.com,Male,238.224.156.77
162,Sid,MacGilpatrick,smacgilpatrick4h@tiny.cc,Male,51.3.39.95
163,Alphonso,Cockshtt,acockshtt4i@nhs.uk,Polygender,219.27.239.193
164,Alister,Hechlin,ahechlin4j@wordpress.org,Male,121.241.0.17
165,Minette,Mullaney,mmullaney4k@woothemes.com,Female,158.204.96.45
166,Kenn,Pauly,kpauly4l@prweb.com,Male,250.199.225.189
167,Bartel,Wyrall,bwyrall4m@issuu.com,Male,216.224.64.241
168,Robinette,Stienham,rstienham4n@angelfire.com,Female,85.158.138.57
169,Lenee,Rushsorth,lrushsorth4o@dedecms.com,Female,213.253.1.51
170,Tedra,Dansey,tdansey4p@apple.com,Female,148.138.60.118
171,Joshuah,Kingscott,jkingscott4q@stumbleupon.com,Male,64.141.222.194
172,Philippa,Pealing,ppealing4r@youku.com,Female,71.29.169.117
173,Blair,Primak,bprimak4s@home.pl,Polygender,159.44.71.37
174,Kelcy,Clemensen,kclemensen4t@istockphoto.com,Female,55.31.166.146
175,Genni,Swidenbank,gswidenbank4u@mapy.cz,Female,245.83.1.134
176,Butch,MacVean,bmacvean4v@epa.gov,Male,199.2.172.213
177,Dorella,Toogood,dtoogood4w@cdc.gov,Female,89.189.171.119
178,Kalinda,Craggs,kcraggs4x@indiegogo.com,Genderfluid,115.160.33.250
179,Goldie,Poundsford,gpoundsford4y@telegraph.co.uk,Non-binary,200.181.127.29
180,Barbabas,Geertje,bgeertje4z@economist.com,Male,228.149.233.13
181,Derby,Mordacai,dmordacai50@rakuten.co.jp,Male,158.57.47.255
182,Herrick,Hukin,hhukin51@seesaa.net,Male,23.127.47.146
183,Tommy,Hakes,thakes52@moonfruit.com,Male,94.211.7.151
184,Griff,Tortoishell,gtortoishell53@army.mil,Male,58.180.56.164
185,Aurlie,Kmietsch,akmietsch54@theatlantic.com,Female,51.236.226.242
186,Bertram,Bonifacio,bbonifacio55@parallels.com,Male,137.42.142.64
187,Mord,Cleverley,mcleverley56@goo.ne.jp,Male,42.12.248.104
188,Bili,Sidden,bsidden57@prnewswire.com,Female,34.143.132.81
189,Ring,Rigardeau,rrigardeau58@wikispaces.com,Male,33.3.226.172
190,Jemimah,Stoffer,jstoffer59@issuu.com,Female,153.226.231.120
191,Perry,Hundey,phundey5a@indiatimes.com,Male,181.107.190.35
192,Tamar,Basile,tbasile5b@lycos.com,Female,184.30.101.134
193,Skylar,Salt,ssalt5c@amazonaws.com,Male,216.235.83.200
194,Kitty,Kiddle,kkiddle5d@vk.com,Female,207.46.255.128
195,Beltran,Sesons,bsesons5e@vk.com,Male,245.135.215.197
196,Corinna,Aveyard,caveyard5f@dailymotion.com,Female,65.95.129.77
197,Regan,Piegrome,rpiegrome5g@adobe.com,Female,85.151.0.46
198,Sara-ann,De Freyne,sdefreyne5h@cyberchimps.com,Female,116.42.181.4
199,Alva,Skuse,askuse5i@wordpress.com,Male,114.192.44.96
200,Agustin,Angrick,aangrick5j@java.com,Male,170.96.117.112
201,Fabio,Clurow,fclurow5k@stanford.edu,Male,227.125.167.128
202,Thacher,Gages,tgages5l@qq.com,Male,152.74.198.6
203,Jobye,Dedrick,jdedrick5m@techcrunch.com,Female,74.156.88.21
204,Kandace,Uff,kuff5n@smh.com.au,Female,140.249.35.153
205,Grace,Sowood,gsowood5o@domainmarket.com,Male,45.34.182.131
206,Terri,Sandiford,tsandiford5p@businessweek.com,Male,116.59.180.116
207,Iseabal,Stobbes,istobbes5q@loc.gov,Female,193.90.64.5
208,Consalve,Noot,cnoot5r@bluehost.com,Male,176.32.107.76
209,Cairistiona,Dumbar,cdumbar5s@behance.net,Polygender,76.144.149.188
210,Packston,Pilipyak,ppilipyak5t@wired.com,Male,108.226.131.222
211,Ogden,McInerney,omcinerney5u@businessinsider.com,Male,85.173.218.40
212,Winne,Abraham,wabraham5v@cam.ac.uk,Female,212.72.243.132
213,Vivia,Arrault,varrault5w@exblog.jp,Female,112.242.125.49
214,Gannie,Petrosian,gpetrosian5x@pbs.org,Male,121.20.105.162
215,Leroi,Goodread,lgoodread5y@redcross.org,Male,215.90.192.45
216,Kaine,Venning,kvenning5z@trellian.com,Male,204.67.235.13
217,Dilan,Aldington,daldington60@twitter.com,Male,77.226.159.217
218,Sheilah,Beagen,sbeagen61@hexun.com,Female,9.49.94.27
219,Esma,Laetham,elaetham62@uol.com.br,Female,58.244.201.125
220,Evyn,McLise,emclise63@google.pl,Male,230.181.160.72
221,Chaim,Gorries,cgorries64@i2i.jp,Male,59.100.120.104
222,Aylmar,Furzer,afurzer65@examiner.com,Non-binary,96.90.243.193
223,Vin,Matthensen,vmatthensen66@mayoclinic.com,Female,170.66.221.124
224,Timi,Wanklyn,twanklyn67@ycombinator.com,Female,248.211.13.214
225,Karisa,Turley,kturley68@wix.com,Female,73.237.237.17
226,Nikki,Geekie,ngeekie69@usa.gov,Male,122.204.86.142
227,Tracie,Pibworth,tpibworth6a@reuters.com,Female,45.247.127.230
228,Kakalina,Bucky,kbucky6b@macromedia.com,Female,180.13.202.142
229,Parker,Kirkbride,pkirkbride6c@netscape.com,Male,89.70.49.141
230,Gilbert,Conradie,gconradie6d@oaic.gov.au,Bigender,222.8.14.81
231,Ines,Cutill,icutill6e@jugem.jp,Female,92.214.86.134
232,Ash,Farndon,afarndon6f@discovery.com,Male,164.28.119.248
233,Ilyssa,Garth,igarth6g@whitehouse.gov,Female,11.189.214.157
234,Drusilla,Nesterov,dnesterov6h@bloglovin.com,Polygender,141.235.180.172
235,Wit,McGray,wmcgray6i@qq.com,Male,250.57.224.106
236,Torie,Rominov,trominov6j@house.gov,Female,240.128.172.100
237,Saxe,Korb,skorb6k@uiuc.edu,Male,15.36.198.56
238,Guinevere,Alejandri,galejandri6l@nationalgeographic.com,Female,146.4.211.180
239,Will,Drowsfield,wdrowsfield6m@sakura.ne.jp,Male,90.124.192.214
240,Idalina,Pinckard,ipinckard6n@nymag.com,Female,168.203.16.65
241,Kellen,Cargen,kcargen6o@slate.com,Male,204.250.175.218
242,Kennett,Standbridge,kstandbridge6p@themeforest.net,Male,216.36.178.179
243,Jean,Flaxon,jflaxon6q@ebay.co.uk,Female,54.203.223.195
244,Wandie,Cobley,wcobley6r@arizona.edu,Genderfluid,193.152.0.131
245,Anders,Hedde,ahedde6s@narod.ru,Male,33.170.102.7
246,Renaldo,Kobke,rkobke6t@usatoday.com,Male,191.38.126.143
247,Hedvige,Epple,hepple6u@imgur.com,Female,2.105.29.107
248,Elle,Gloucester,egloucester6v@opera.com,Female,216.216.95.173
249,Torrence,Babbe,tbabbe6w@baidu.com,Male,160.234.13.97
250,Stormie,Ingree,singree6x@wunderground.com,Female,20.142.93.189
251,Anastassia,Geldeard,ageldeard6y@geocities.com,Female,216.107.165.134
252,Sianna,Troker,stroker6z@theguardian.com,Female,54.85.153.170
253,Mariquilla,Sawood,msawood70@typepad.com,Female,68.216.234.33
254,Marietta,Pentin,mpentin71@bloglines.com,Female,95.220.112.162
255,Jerrylee,Ivanyutin,jivanyutin72@myspace.com,Female,226.70.183.127
256,Ram,Noury,rnoury73@netvibes.com,Male,34.126.228.220
257,Eloise,Bootyman,ebootyman74@shinystat.com,Female,178.144.57.99
258,Torey,Dannett,tdannett75@utexas.edu,Male,204.68.253.239
259,Selestina,Brocking,sbrocking76@shinystat.com,Polygender,31.120.11.200
260,Earlie,Paradise,eparadise77@usatoday.com,Male,179.200.177.9
261,Rolland,Steptoe,rsteptoe78@bing.com,Genderfluid,93.123.68.59
262,Alfy,Wyldbore,awyldbore79@nbcnews.com,Female,180.72.126.60
263,Celestyna,Prestney,cprestney7a@nsw.gov.au,Female,126.15.119.181
264,Gerhard,Figger,gfigger7b@histats.com,Male,176.172.21.212
265,Roanna,Goldie,rgoldie7c@usda.gov,Female,137.189.241.133
266,Donnamarie,Dwane,ddwane7d@pbs.org,Female,235.65.14.25
267,Kimmi,Dowty,kdowty7e@flickr.com,Female,75.105.139.30
268,Araldo,Deppe,adeppe7f@blogtalkradio.com,Male,93.38.49.81
269,Cortney,Alesin,calesin7g@smugmug.com,Female,63.243.151.237
270,Maxine,Walklot,mwalklot7h@4shared.com,Female,82.143.130.220
271,Jemmy,Buglass,jbuglass7i@exblog.jp,Female,2.150.206.206
272,Claudette,Coolbear,ccoolbear7j@wikipedia.org,Non-binary,94.92.143.228
273,Timothy,Sanbrook,tsanbrook7k@lulu.com,Male,203.16.147.173
274,Nikoletta,Huffey,nhuffey7l@state.gov,Female,144.102.105.227
275,Ansley,Magarrell,amagarrell7m@hexun.com,Female,252.213.62.176
276,Neddie,Jakubczyk,njakubczyk7n@ox.ac.uk,Bigender,46.26.72.247
277,Heloise,Rielly,hrielly7o@cocolog-nifty.com,Female,237.48.132.75
278,Wang,Warlowe,wwarlowe7p@cafepress.com,Male,143.34.248.98
279,Zachary,Perry,zperry7q@japanpost.jp,Male,105.17.123.125
280,Petra,Youngman,pyoungman7r@edublogs.org,Female,14.32.29.33
281,Marchall,Perillo,mperillo7s@theatlantic.com,Male,30.174.190.231
282,Kessia,Vanyushin,kvanyushin7t@weibo.com,Female,187.226.234.177
283,Derick,Desaur,ddesaur7u@about.com,Male,22.140.217.7
284,Zelig,Piolli,zpiolli7v@plala.or.jp,Male,44.88.7.3
285,Cherida,Jandl,cjandl7w@mac.com,Female,5.35.158.226
286,Kirsten,Chadwin,kchadwin7x@mit.edu,Female,248.206.116.105
287,Carling,Duffill,cduffill7y@un.org,Male,208.29.212.154
288,Caitrin,Springer,cspringer7z@scribd.com,Female,155.104.92.99
289,Johna,Berardt,jberardt80@msn.com,Female,103.148.198.29
290,Lorine,Orwin,lorwin81@google.nl,Female,117.101.136.10
291,Jamima,Bodker,jbodker82@vistaprint.com,Female,94.106.217.213
292,Reagan,Stower,rstower83@miitbeian.gov.cn,Male,237.24.52.225
293,Arman,Ziemens,aziemens84@privacy.gov.au,Male,91.138.125.227
294,Francene,Burree,fburree85@nifty.com,Female,117.196.199.66
295,Godfree,Sapena,gsapena86@columbia.edu,Male,181.166.76.19
296,Phil,Jolliman,pjolliman87@chronoengine.com,Male,170.113.243.128
297,Juliette,Gyenes,jgyenes88@ehow.com,Female,247.230.146.234
298,Mikaela,Greveson,mgreveson89@ted.com,Genderqueer,72.29.188.175
299,Rock,Sterman,rsterman8a@bloomberg.com,Male,125.73.68.148
300,Friedrich,Giovanizio,fgiovanizio8b@yelp.com,Non-binary,62.176.242.209
301,Boniface,Korba,bkorba8c@slashdot.org,Male,32.124.37.238
302,See,Hamm,shamm8d@answers.com,Male,146.119.211.238
303,Tamara,Linnitt,tlinnitt8e@google.nl,Female,222.253.197.72
304,Donavon,Levins,dlevins8f@redcross.org,Male,227.1.38.135
305,Nanci,Lampbrecht,nlampbrecht8g@census.gov,Female,137.18.45.127
306,Hilly,Lassetter,hlassetter8h@hp.com,Male,206.79.47.80
307,Fons,Haggleton,fhaggleton8i@oaic.gov.au,Male,105.236.195.242
308,Amabelle,Simkin,asimkin8j@people.com.cn,Female,175.97.103.235
309,Mame,Covet,mcovet8k@dedecms.com,Female,239.100.250.204
310,Laina,Stannering,lstannering8l@omniture.com,Female,131.57.68.171
311,Killian,Kopelman,kkopelman8m@ameblo.jp,Male,59.206.177.111
312,Leonardo,Kedward,lkedward8n@godaddy.com,Male,193.6.28.206
313,Silvie,Asgodby,sasgodby8o@cdc.gov,Female,33.120.98.218
314,Grace,MacRirie,gmacririe8p@admin.ch,Female,80.143.241.49
315,Arlen,Foskew,afoskew8q@weebly.com,Male,82.117.204.72
316,Vaughan,Tackett,vtackett8r@scribd.com,Male,254.84.66.136
317,Merell,Bowmen,mbowmen8s@i2i.jp,Male,15.246.78.90
318,Hugh,Shatliff,hshatliff8t@photobucket.com,Male,115.55.63.226
319,Brant,Haslock(e),bhaslocke8u@google.nl,Male,81.184.194.82
320,Roseanne,Ridgley,rridgley8v@java.com,Female,203.10.37.237
321,Luce,Papez,lpapez8w@harvard.edu,Bigender,139.134.193.111
322,Dorian,Blowes,dblowes8x@cargocollective.com,Male,54.197.210.100
323,Zebulon,Methingam,zmethingam8y@ted.com,Male,148.213.106.250
324,Rosemaria,Jaggs,rjaggs8z@tmall.com,Female,120.65.132.56
325,Aloysia,Talby,atalby90@jalbum.net,Female,50.113.172.132
326,Claiborn,Melesk,cmelesk91@yandex.ru,Male,127.70.152.195
327,Ebba,Whilde,ewhilde92@theglobeandmail.com,Female,54.113.191.23
328,Blaine,Ludl,bludl93@hubpages.com,Male,217.10.117.165
329,Doy,Georgelin,dgeorgelin94@washington.edu,Male,83.33.152.24
330,Holden,Spondley,hspondley95@icq.com,Male,143.153.212.177
331,Zara,Gabbatt,zgabbatt96@cloudflare.com,Female,81.96.120.228
332,Fonz,Metham,fmetham97@tripadvisor.com,Male,131.229.254.196
333,Marijo,Kilduff,mkilduff98@pen.io,Female,128.183.139.206
334,Marita,Redwing,mredwing99@cdc.gov,Female,109.177.253.82
335,Fidel,Carding,fcarding9a@wired.com,Male,32.181.158.212
336,Heall,McEvon,hmcevon9b@discuz.net,Male,215.245.217.21
337,Egbert,Omand,eomand9c@sitemeter.com,Male,71.76.167.239
338,Ainsley,Adhams,aadhams9d@imageshack.us,Female,234.39.167.246
339,Bridie,Allmen,ballmen9e@npr.org,Female,177.120.177.222
340,Yule,Broomer,ybroomer9f@google.com.au,Male,149.60.147.214
341,Mallory,Pettegre,mpettegre9g@lulu.com,Female,106.68.179.225
342,Marga,Rosenfelder,mrosenfelder9h@usa.gov,Female,248.192.179.130
343,Aeriela,Muncey,amuncey9i@bigcartel.com,Female,33.97.207.233
344,Inga,Epgrave,iepgrave9j@ow.ly,Genderqueer,114.7.159.142
345,Reinhold,Mattiello,rmattiello9k@liveinternet.ru,Male,63.106.144.206
346,Flossi,Draijer,fdraijer9l@xinhuanet.com,Female,186.222.157.51
347,Gaelan,Batsford,gbatsford9m@livejournal.com,Male,245.65.156.18
348,Lindsey,Brozek,lbrozek9n@about.com,Non-binary,120.34.140.158
349,Phaedra,Suarez,psuarez9o@soup.io,Female,206.84.230.100
350,Yvon,Chasmer,ychasmer9p@typepad.com,Male,19.225.248.57
351,Petey,Pawellek,ppawellek9q@clickbank.net,Male,215.222.172.76
352,Piotr,Aizikowitz,paizikowitz9r@springer.com,Male,72.230.37.46
353,Rachael,Audritt,raudritt9s@ehow.com,Female,44.242.102.56
354,Dell,Dusey,ddusey9t@cam.ac.uk,Male,255.110.34.9
355,Lenka,Fink,lfink9u@npr.org,Female,21.129.14.2
356,Mora,Kewzick,mkewzick9v@usnews.com,Female,217.150.239.100
357,Englebert,Scampion,escampion9w@ifeng.com,Male,152.24.125.43
358,Melisse,Eschelle,meschelle9x@techcrunch.com,Female,156.181.35.214
359,Brandie,Greenhall,bgreenhall9y@wp.com,Female,182.142.24.181
360,Wallie,Kohrs,wkohrs9z@noaa.gov,Male,140.125.198.253
361,Malchy,Bernardt,mbernardta0@hubpages.com,Polygender,244.239.209.101
362,Madalyn,Oliveti,molivetia1@epa.gov,Female,60.129.200.168
363,Tracy,Park,tparka2@nymag.com,Female,181.74.221.32
364,Vance,Stachini,vstachinia3@deliciousdays.com,Male,210.50.195.60
365,Sashenka,Morratt,smorratta4@berkeley.edu,Polygender,43.51.191.114
366,Gallagher,Sargant,gsarganta5@redcross.org,Male,132.154.248.79
367,Donn,Wankling,dwanklinga6@netscape.com,Male,200.151.225.109
368,Toinette,Leivesley,tleivesleya7@ftc.gov,Female,164.1.98.227
369,Jerrie,Kordovani,jkordovania8@tinypic.com,Female,69.139.67.171
370,Carissa,Beardsell,cbeardsella9@who.int,Female,207.123.38.143
371,Eldridge,Oldacre,eoldacreaa@cam.ac.uk,Male,190.12.236.220
372,Blanche,Malkin,bmalkinab@amazonaws.com,Polygender,243.231.88.105
373,Saunder,Tolan,stolanac@123-reg.co.uk,Male,199.178.14.147
374,Feliks,Hartright,fhartrightad@walmart.com,Male,110.237.169.114
375,Silvain,Spurnier,sspurnierae@ted.com,Male,217.195.6.128
376,Merrick,Di Frisco,mdifriscoaf@qq.com,Male,44.24.226.193
377,Nester,Byres,nbyresag@reddit.com,Male,228.19.33.144
378,Ximenez,MacCague,xmaccagueah@examiner.com,Male,220.19.183.53
379,Danya,Brankley,dbrankleyai@t.co,Female,69.179.236.236
380,Selby,Dancey,sdanceyaj@wordpress.com,Genderqueer,246.102.151.108
381,Cinnamon,Nurdin,cnurdinak@hao123.com,Female,188.54.183.183
382,Hale,Philip,hphilipal@cbsnews.com,Male,191.153.173.51
383,Matthiew,Edgehill,medgehillam@ucoz.ru,Male,196.124.172.99
384,Ruy,Skullet,rskulletan@cnet.com,Male,20.13.186.46
385,Adora,Franklyn,afranklynao@sbwire.com,Female,176.14.110.106
386,Friedrick,Leehane,fleehaneap@twitter.com,Male,149.81.229.56
387,Corilla,Nobes,cnobesaq@imgur.com,Genderqueer,71.208.40.122
388,Adeline,Chadwyck,achadwyckar@cnn.com,Female,66.67.51.187
389,Boris,McCromley,bmccromleyas@nps.gov,Male,211.108.253.156
390,Lettie,Hanrott,lhanrottat@weibo.com,Female,40.137.219.27
391,Cly,Donnett,cdonnettau@utexas.edu,Male,166.162.26.60
392,Kalli,Matteotti,kmatteottiav@vistaprint.com,Female,6.136.202.250
393,Haslett,McIvor,hmcivoraw@washingtonpost.com,Male,95.158.223.246
394,Debra,Scriven,dscrivenax@state.gov,Female,196.3.77.243
395,Margarete,Howle,mhowleay@meetup.com,Female,48.100.210.111
396,Rorie,Walshaw,rwalshawaz@un.org,Female,7.106.162.185
397,Farand,Gatecliff,fgatecliffb0@4shared.com,Female,111.196.167.120
398,Farlay,Wolfinger,fwolfingerb1@weibo.com,Non-binary,5.240.167.65
399,Ferne,Fourcade,ffourcadeb2@irs.gov,Female,24.188.152.45
400,Roscoe,Rigeby,rrigebyb3@canalblog.com,Male,219.206.248.81
401,Quincy,Trewhela,qtrewhelab4@lulu.com,Genderfluid,29.212.92.1
402,Nanete,Revington,nrevingtonb5@sciencedirect.com,Female,110.34.76.145
403,Oswald,Campany,ocampanyb6@mit.edu,Male,177.109.15.144
404,Margie,McKimmey,mmckimmeyb7@weibo.com,Female,73.208.65.118
405,Caressa,Pallin,cpallinb8@gravatar.com,Female,158.176.46.81
406,Collen,MacLucais,cmaclucaisb9@examiner.com,Female,243.153.32.28
407,Dolf,Canadas,dcanadasba@noaa.gov,Male,110.83.82.59
408,Aidan,Lideard,alideardbb@jugem.jp,Female,106.203.254.57
409,Christine,Bridger,cbridgerbc@amazon.com,Female,49.168.242.209
410,Christoforo,Tassell,ctassellbd@1und1.de,Male,132.27.204.21
411,Coleman,Base,cbasebe@bloglovin.com,Male,43.101.27.50
412,Putnem,Fermer,pfermerbf@usatoday.com,Male,108.205.10.204
413,Geri,Simone,gsimonebg@economist.com,Female,26.216.145.115
414,Zaccaria,Salamon,zsalamonbh@earthlink.net,Male,31.66.117.194
415,Craig,Vinas,cvinasbi@nature.com,Male,223.74.34.129
416,Domeniga,Letteresse,dletteressebj@buzzfeed.com,Female,201.218.175.195
417,Derward,Franciottoi,dfranciottoibk@google.pl,Male,48.190.101.53
418,Noah,Cardoe,ncardoebl@wordpress.org,Male,144.151.72.103
419,Ingar,Sweed,isweedbm@moonfruit.com,Male,136.18.117.175
420,Saree,Caswall,scaswallbn@sohu.com,Female,234.167.39.106
421,Edie,Fitzer,efitzerbo@mozilla.org,Female,174.22.207.219
422,Steven,Dikelin,sdikelinbp@washington.edu,Male,32.74.20.8
423,Naomi,Plumptre,nplumptrebq@soundcloud.com,Female,5.237.39.116
424,Dewie,Harkness,dharknessbr@discuz.net,Male,5.218.141.83
425,Tonye,Wishkar,twishkarbs@yale.edu,Female,206.81.62.84
426,Claudius,Kleewein,ckleeweinbt@guardian.co.uk,Male,173.83.171.25
427,Ignacius,Cuncarr,icuncarrbu@1und1.de,Male,193.188.202.201
428,Helaine,Usherwood,husherwoodbv@unicef.org,Female,67.58.120.45
429,Lotta,Betty,lbettybw@yale.edu,Female,52.19.244.30
430,Wiley,Bonas,wbonasbx@marketwatch.com,Male,91.214.118.109
431,Tonya,Branwhite,tbranwhiteby@icq.com,Female,212.67.49.81
432,Archaimbaud,Thornton-Dewhirst,athorntondewhirstbz@wix.com,Male,204.89.137.31
433,Lilas,Dysert,ldysertc0@mayoclinic.com,Female,214.126.146.74
434,Si,Dykas,sdykasc1@webs.com,Male,213.194.85.121
435,Susann,Tinmouth,stinmouthc2@over-blog.com,Female,69.13.126.6
436,Natalya,Elesander,nelesanderc3@xrea.com,Female,79.69.233.167
437,Jessie,Bicheno,jbichenoc4@tinypic.com,Female,175.159.51.166
438,Adan,Visco,aviscoc5@miibeian.gov.cn,Female,90.64.127.229
439,Lib,Probert,lprobertc6@squidoo.com,Female,147.193.4.75
440,Ellette,Brideaux,ebrideauxc7@samsung.com,Bigender,133.113.37.127
441,Guenevere,Gorusso,ggorussoc8@godaddy.com,Female,103.122.234.238
442,Gaston,Binford,gbinfordc9@cbslocal.com,Male,70.29.1.46
443,Rana,Piesing,rpiesingca@nps.gov,Female,218.154.101.146
444,Aube,Helix,ahelixcb@unesco.org,Male,68.172.241.105
445,Nanni,D'Aubney,ndaubneycc@smh.com.au,Female,44.179.216.125
446,Robbin,Mulcahy,rmulcahycd@stumbleupon.com,Female,24.36.71.177
447,Tally,Deverill,tdeverillce@unicef.org,Female,92.162.110.80
448,Brit,Fake,bfakecf@amazon.co.uk,Male,46.25.117.154
449,Andriette,Broadfoot,abroadfootcg@mtv.com,Female,242.93.242.6
450,Patton,Dowthwaite,pdowthwaitech@fastcompany.com,Male,247.205.103.29
451,Barbey,Inder,binderci@bluehost.com,Female,112.237.16.171
452,Chris,Voff,cvoffcj@4shared.com,Bigender,218.108.148.44
453,Fernandina,Tyres,ftyresck@mapquest.com,Female,235.38.39.226
454,Teddie,Yakubowicz,tyakubowiczcl@tripod.com,Female,248.102.62.62
455,Rhiamon,Munden,rmundencm@hao123.com,Non-binary,46.116.202.129
456,Kirby,Lushey,klusheycn@aboutads.info,Female,113.174.136.9
457,Tess,Aymer,taymerco@google.nl,Female,168.231.56.169
458,Cherry,Buessen,cbuessencp@blog.com,Female,91.55.253.160
459,Molly,Toothill,mtoothillcq@mysql.com,Female,165.19.117.48
460,Traci,Discombe,tdiscombecr@cisco.com,Female,217.234.89.54
461,Orelee,Credland,ocredlandcs@nbcnews.com,Female,233.46.68.156
462,Gwynne,Huison,ghuisonct@usnews.com,Female,247.77.191.244
463,Lurlene,Emes,lemescu@blogtalkradio.com,Female,236.6.146.91
464,Ruprecht,Eidler,reidlercv@loc.gov,Male,141.15.85.90
465,Timotheus,Lyndon,tlyndoncw@unc.edu,Male,172.165.11.43
466,Denice,Guilliatt,dguilliattcx@ning.com,Female,124.248.45.135
467,Arlin,Tewelson,atewelsoncy@walmart.com,Male,111.225.171.127
468,Auberta,Akam,aakamcz@ibm.com,Female,192.190.140.71
469,Loren,Welband,lwelbandd0@intel.com,Male,168.92.239.126
470,Mitchell,Bodill,mbodilld1@earthlink.net,Male,65.125.163.246
471,Martguerita,Dwerryhouse,mdwerryhoused2@nhs.uk,Female,91.131.71.172
472,Lorin,Fenelon,lfenelond3@state.tx.us,Male,172.56.220.128
473,Adler,Lathe,alathed4@wp.com,Male,175.247.252.151
474,Gilly,Merington,gmeringtond5@mit.edu,Female,172.115.249.54
475,Anne-marie,Dovydenas,adovydenasd6@economist.com,Female,116.249.184.145
476,Aluin,Felix,afelixd7@fema.gov,Male,79.113.186.125
477,Orran,Whicher,owhicherd8@statcounter.com,Genderfluid,161.98.255.10
478,Selma,Peploe,speploed9@wired.com,Female,242.11.132.100
479,Glynnis,Illiston,gillistonda@google.co.jp,Female,69.110.18.38
480,Floris,Bagwell,fbagwelldb@nymag.com,Female,113.37.107.188
481,Gavin,Grugerr,ggrugerrdc@businessweek.com,Male,33.205.81.47
482,Nathanael,Cosans,ncosansdd@wufoo.com,Male,204.9.43.22
483,Cassius,Durtnell,cdurtnellde@china.com.cn,Male,33.104.242.51
484,Wynn,Rosenberg,wrosenbergdf@yellowbook.com,Male,205.143.101.32
485,Feliks,Pettiford,fpettiforddg@oracle.com,Male,239.42.38.27
486,Harley,Tarbett,htarbettdh@paypal.com,Female,167.241.77.217
487,Ryon,Toop,rtoopdi@google.de,Male,199.16.237.119
488,Dukie,Isherwood,disherwooddj@uiuc.edu,Bigender,198.167.35.58
489,Bing,Wellfare,bwellfaredk@mysql.com,Male,75.100.236.175
490,Judie,Jovasevic,jjovasevicdl@github.io,Female,210.24.34.36
491,Rees,Kubacki,rkubackidm@yale.edu,Male,54.34.106.255
492,Aeriell,Cottie,acottiedn@apple.com,Female,71.34.101.21
493,Brittne,Rollason,brollasondo@rakuten.co.jp,Genderfluid,23.16.95.128
494,Dolli,Gilhooly,dgilhoolydp@about.me,Female,65.65.143.238
495,King,Lindell,klindelldq@miitbeian.gov.cn,Male,25.0.169.200
496,Vaclav,Ikin,vikindr@facebook.com,Male,229.41.82.144
497,Augustina,Rathmell,arathmellds@psu.edu,Female,48.251.58.18
498,Galven,Mepham,gmephamdt@privacy.gov.au,Male,74.78.164.157
499,Benjy,McGraw,bmcgrawdu@last.fm,Male,163.193.70.171
500,Gavrielle,Florez,gflorezdv@ucla.edu,Female,73.253.166.45
501,Regina,Brimilcome,rbrimilcomedw@google.nl,Female,37.64.233.96
502,Kleon,Kalf,kkalfdx@deviantart.com,Male,137.93.207.147
503,Arlena,Fransoni,afransonidy@stanford.edu,Female,246.22.9.78
504,Bret,Dykas,bdykasdz@google.ru,Male,1.48.10.105
505,Baillie,Parman,bparmane0@github.io,Male,21.233.173.225
506,Flem,Gayton,fgaytone1@google.com,Male,51.34.22.39
507,Jillie,Death,jdeathe2@spotify.com,Female,173.60.185.31
508,Guthry,Eddowes,geddowese3@cam.ac.uk,Male,161.200.68.170
509,Leonie,Mattiuzzi,lmattiuzzie4@amazon.co.jp,Female,118.237.62.36
510,Wheeler,Behrens,wbehrense5@cnn.com,Male,178.81.168.205
511,Clevey,Di Franceschi,cdifranceschie6@google.es,Male,14.126.241.132
512,Wittie,Gatward,wgatwarde7@nps.gov,Male,28.184.168.41
513,Alix,Elton,aeltone8@shinystat.com,Polygender,134.18.109.224
514,Michel,Jirasek,mjiraseke9@yolasite.com,Male,86.166.124.18
515,Bertrand,Tabb,btabbea@dot.gov,Male,162.117.75.113
516,Eva,Elleray,eellerayeb@mediafire.com,Female,207.18.161.46
517,Zack,Elsbury,zelsburyec@netscape.com,Male,124.254.158.202
518,Cristin,Grinley,cgrinleyed@npr.org,Female,143.138.227.113
519,Godard,Olden,goldenee@goo.ne.jp,Male,156.29.63.123
520,Lindy,Aish,laishef@ucoz.ru,Male,242.218.167.1
521,Meyer,Fowles,mfowleseg@yellowbook.com,Non-binary,143.155.0.214
522,Eb,Cloutt,ecloutteh@accuweather.com,Male,154.62.208.30
523,Culver,Cabera,ccaberaei@marketwatch.com,Male,106.113.218.66
524,Willa,Gurry,wgurryej@nbcnews.com,Female,210.252.12.24
525,Carma,Luberto,clubertoek@dion.ne.jp,Female,239.145.78.162
526,Nessy,Gerty,ngertyel@cmu.edu,Female,84.78.5.62
527,Etienne,Deane,edeaneem@princeton.edu,Male,1.128.165.47
528,L;urette,Lefwich,llefwichen@ftc.gov,Female,78.24.55.138
529,Anneliese,Bootland,abootlandeo@1688.com,Female,68.124.137.26
530,Edee,Kleynen,ekleynenep@prweb.com,Female,232.235.134.150
531,Violante,Perceval,vpercevaleq@dell.com,Female,192.176.188.159
532,Ambrose,Hutcheon,ahutcheoner@usda.gov,Male,125.124.238.135
533,Hugh,Rusling,hruslinges@java.com,Male,6.39.32.184
534,Ardyth,Francey,afranceyet@chron.com,Female,194.165.22.180
535,Kaja,Shillan,kshillaneu@furl.net,Female,181.190.69.59
536,Nananne,Noble,nnobleev@nifty.com,Female,128.56.158.31
537,Grayce,Pettegree,gpettegreeew@noaa.gov,Female,81.189.100.44
538,Hilliary,Cristol,hcristolex@booking.com,Female,85.191.91.1
539,Kirsti,Ilbert,kilbertey@networksolutions.com,Female,60.16.221.23
540,Patty,Todaro,ptodaroez@hostgator.com,Non-binary,129.76.172.48
541,Aurthur,Brocklehurst,abrocklehurstf0@t.co,Male,131.250.42.81
542,Gale,Trethewey,gtretheweyf1@google.com.hk,Male,16.228.181.4
543,Tandy,Gerring,tgerringf2@salon.com,Female,242.159.81.5
544,Gibby,Ferraretto,gferrarettof3@hhs.gov,Male,239.100.133.230
545,Salaidh,Karlolak,skarlolakf4@squidoo.com,Female,220.73.190.146
546,Garrott,Yurukhin,gyurukhinf5@wired.com,Male,152.213.171.170
547,Rowney,William,rwilliamf6@odnoklassniki.ru,Male,9.76.186.36
548,Merle,Lewsey,mlewseyf7@si.edu,Female,78.153.102.177
549,Fleming,McCuthais,fmccuthaisf8@jugem.jp,Male,253.137.35.109
550,Libbey,Franzotto,lfranzottof9@nydailynews.com,Female,42.201.215.37
551,Baxie,McCrackem,bmccrackemfa@ca.gov,Male,105.22.240.208
552,Filberte,Cottis,fcottisfb@earthlink.net,Male,33.107.174.52
553,Shelby,Hand,shandfc@dot.gov,Male,44.37.47.206
554,Glenn,Piscot,gpiscotfd@sun.com,Male,100.159.42.75
555,Tracy,Toffolini,ttoffolinife@wufoo.com,Male,137.161.99.30
556,Tadd,Marcu,tmarcuff@mtv.com,Male,42.54.153.143
557,Jodi,Baldree,jbaldreefg@salon.com,Female,118.232.77.96
558,Friedrick,Evans,fevansfh@imageshack.us,Male,103.76.81.207
559,Lucian,Croston,lcrostonfi@51.la,Male,154.149.192.141
560,Anna,Kohrsen,akohrsenfj@army.mil,Genderfluid,235.214.183.68
561,Myrilla,Amyes,mamyesfk@tumblr.com,Female,45.47.8.205
562,Alvie,Ollenbuttel,aollenbuttelfl@elpais.com,Male,244.35.63.213
563,Tybi,Victory,tvictoryfm@paypal.com,Female,187.174.53.83
564,Gerrie,McClintock,gmcclintockfn@bloomberg.com,Female,244.138.68.158
565,Ashley,Studman,astudmanfo@washington.edu,Female,33.61.103.116
566,Cole,Bolstridge,cbolstridgefp@myspace.com,Male,191.47.244.205
567,Penelope,Stelle,pstellefq@deliciousdays.com,Female,159.30.175.165
568,Gar,Ebbings,gebbingsfr@xinhuanet.com,Male,174.88.204.50
569,Leonidas,Pengilley,lpengilleyfs@csmonitor.com,Male,121.61.86.40
570,Gaylene,Rands,grandsft@archive.org,Female,32.56.32.243
571,Quillan,Cleeves,qcleevesfu@cdc.gov,Male,213.36.104.76
572,Tanner,Amerighi,tamerighifv@state.gov,Male,4.28.236.59
573,Jasper,Winsor,jwinsorfw@dion.ne.jp,Male,35.192.55.2
574,Kristal,Vowden,kvowdenfx@lycos.com,Female,46.201.76.92
575,Natala,Bathurst,nbathurstfy@hhs.gov,Female,217.39.26.159
576,Brian,Westell,bwestellfz@businesswire.com,Male,128.198.60.26
577,Bebe,Job,bjobg0@sina.com.cn,Female,146.151.20.160
578,Arlie,Pizey,apizeyg1@microsoft.com,Female,58.9.243.7
579,Caty,Sitwell,csitwellg2@prlog.org,Female,42.30.66.212
580,Augustus,Sloane,asloaneg3@tiny.cc,Male,2.43.19.188
581,Cooper,Jobbing,cjobbingg4@instagram.com,Male,23.46.25.217
582,Pierrette,Jacobovitz,pjacobovitzg5@360.cn,Female,191.202.51.13
583,Pauli,Castel,pcastelg6@istockphoto.com,Female,66.224.51.42
584,Yanaton,Arnaut,yarnautg7@miibeian.gov.cn,Male,85.113.125.154
585,Cortney,Plaide,cplaideg8@japanpost.jp,Female,157.121.211.202
586,Breanne,Root,brootg9@mozilla.org,Female,76.57.85.65
587,Boyd,Carnachen,bcarnachenga@mail.ru,Male,97.62.245.18
588,Kathye,Ballantine,kballantinegb@opensource.org,Female,205.190.232.226
589,Bevin,McQuilty,bmcquiltygc@mit.edu,Male,206.66.181.167
590,Danella,Cothey,dcotheygd@hostgator.com,Genderqueer,49.179.137.69
591,Kearney,Blevin,kblevinge@eventbrite.com,Bigender,184.215.22.208
592,Chandler,Comfort,ccomfortgf@mac.com,Male,126.194.64.110
593,Teressa,Petow,tpetowgg@admin.ch,Female,33.118.105.20
594,Forbes,Tedorenko,ftedorenkogh@mysql.com,Male,63.134.140.202
595,Quincy,Walisiak,qwalisiakgi@histats.com,Male,93.172.37.30
596,Corrina,Pabel,cpabelgj@sphinn.com,Female,3.23.4.1
597,Janith,Glander,jglandergk@merriam-webster.com,Female,243.181.118.86
598,April,Lowers,alowersgl@ameblo.jp,Female,87.184.87.124
599,Ryann,Ekell,rekellgm@noaa.gov,Female,71.32.96.53
600,Fionnula,Iddy,fiddygn@army.mil,Female,8.190.212.128
601,Cristian,Duplock,cduplockgo@google.pl,Male,100.138.223.241
602,Elly,Sottell,esottellgp@tiny.cc,Genderqueer,118.155.222.43
603,Antin,Jamrowicz,ajamrowiczgq@bravesites.com,Male,105.140.224.199
604,Reta,Fabler,rfablergr@vimeo.com,Female,159.27.99.90
605,Thadeus,Elvish,telvishgs@weebly.com,Male,95.48.211.178
606,Millie,de Broke,mdebrokegt@wired.com,Female,29.35.223.118
607,Norrie,Bisatt,nbisattgu@nhs.uk,Female,142.59.140.215
608,Chickie,Camillo,ccamillogv@imdb.com,Male,119.163.175.99
609,Georgeanne,MacMeanma,gmacmeanmagw@cpanel.net,Female,68.74.26.89
610,Maxie,Kuhnt,mkuhntgx@reddit.com,Male,183.172.58.92
611,Patty,Moodycliffe,pmoodycliffegy@wunderground.com,Male,132.33.196.119
612,Skippie,Filipyev,sfilipyevgz@nba.com,Male,57.63.223.56
613,Reynard,Andreini,randreinih0@prweb.com,Male,103.192.26.170
614,Bryan,Goodrick,bgoodrickh1@admin.ch,Male,58.22.113.141
615,Kerrin,Dahlman,kdahlmanh2@mapquest.com,Female,51.150.23.222
616,Tawsha,Chazier,tchazierh3@arizona.edu,Female,78.104.233.209
617,Mari,Poppleton,mpoppletonh4@posterous.com,Female,248.51.239.155
618,Jamie,Lannon,jlannonh5@adobe.com,Bigender,237.82.136.218
619,Garner,Daintier,gdaintierh6@phoca.cz,Male,80.69.17.27
620,Jonathan,Dewes,jdewesh7@google.ru,Male,128.37.144.87
621,Marven,Humphrey,mhumphreyh8@friendfeed.com,Male,232.115.81.241
622,Lauretta,Poltun,lpoltunh9@miitbeian.gov.cn,Female,65.133.200.100
623,Addy,Danilin,adanilinha@icio.us,Male,160.215.198.11
624,Galven,Schoffler,gschofflerhb@cisco.com,Male,239.209.162.220
625,Kerianne,Grigoliis,kgrigoliishc@kickstarter.com,Female,113.61.167.36
626,Adriena,Aslott,aaslotthd@example.com,Female,11.227.100.208
627,Brigid,Rudram,brudramhe@blogs.com,Female,15.206.234.189
628,Ianthe,Hovy,ihovyhf@t.co,Female,18.39.185.101
629,Rodolphe,Duly,rdulyhg@wsj.com,Male,128.20.162.112
630,Caz,Lafee,clafeehh@irs.gov,Male,176.47.54.122
631,Leisha,Grinaugh,lgrinaughhi@miibeian.gov.cn,Female,236.236.212.164
632,Aprilette,Sarl,asarlhj@virginia.edu,Female,156.202.235.126
633,Honey,Tremmil,htremmilhk@mapquest.com,Female,101.88.119.3
634,Alvy,Bellie,abelliehl@examiner.com,Male,241.137.208.125
635,Ward,Antonin,wantoninhm@1688.com,Male,95.223.248.180
636,Xaviera,Joskowitz,xjoskowitzhn@odnoklassniki.ru,Female,201.146.233.201
637,Gretal,Garrelts,ggarreltsho@phoca.cz,Female,26.228.147.70
638,Lacey,Burrel,lburrelhp@bloomberg.com,Agender,130.33.93.96
639,Terrance,Starbuck,tstarbuckhq@adobe.com,Male,56.209.86.11
640,Ed,Polamontayne,epolamontaynehr@deviantart.com,Male,224.196.146.52
641,Dru,Ritchings,dritchingshs@hhs.gov,Female,237.213.194.35
642,Sonia,Orrice,sorriceht@businessinsider.com,Female,104.197.177.23
643,Brandea,Gatus,bgatushu@mapquest.com,Female,94.65.37.141
644,Melita,Scones,msconeshv@hexun.com,Female,215.56.15.219
645,Yule,Constantine,yconstantinehw@google.fr,Male,191.4.92.117
646,Flor,Partleton,fpartletonhx@wunderground.com,Female,9.70.184.246
647,Rickie,Adolfsen,radolfsenhy@yellowbook.com,Female,195.165.183.39
648,Muhammad,Vasilenko,mvasilenkohz@cloudflare.com,Male,193.220.130.119
649,Ware,D'Onisi,wdonisii0@ehow.com,Male,197.51.227.30
650,Ingar,Youngman,iyoungmani1@chron.com,Male,6.175.85.127
651,Antonio,Izacenko,aizacenkoi2@oaic.gov.au,Male,124.87.50.188
652,Papagena,De Giorgis,pdegiorgisi3@instagram.com,Female,155.182.160.23
653,Janet,Worviell,jworvielli4@independent.co.uk,Non-binary,224.67.46.95
654,Millicent,Shoubridge,mshoubridgei5@icq.com,Female,43.192.24.130
655,Regan,Oldknowe,roldknowei6@arstechnica.com,Male,7.173.181.208
656,Kaine,Lowle,klowlei7@google.fr,Male,155.230.197.61
657,Nan,L'oiseau,nloiseaui8@telegraph.co.uk,Female,39.4.231.117
658,Ardene,Cassin,acassini9@meetup.com,Female,214.115.182.10
659,Hy,Blowers,hblowersia@globo.com,Male,199.103.48.110
660,Deana,Conrard,dconrardib@marketwatch.com,Female,210.164.116.7
661,Woodrow,Lynagh,wlynaghic@cisco.com,Male,226.44.50.59
662,Annabell,Kondratowicz,akondratowiczid@furl.net,Female,162.52.240.24
663,Charlot,Kelsow,ckelsowie@wikia.com,Female,158.224.202.143
664,Danna,Monkman,dmonkmanif@fc2.com,Female,210.110.33.176
665,Shaina,Petkens,spetkensig@marriott.com,Female,117.33.71.181
666,Jaquelin,Dobney,jdobneyih@webeden.co.uk,Female,100.206.135.11
667,Sigismond,Forsaith,sforsaithii@patch.com,Male,219.235.240.52
668,Solomon,Deverson,sdeversonij@msn.com,Male,57.144.201.136
669,Deni,Wickins,dwickinsik@forbes.com,Genderfluid,220.204.113.163
670,Baryram,Wilcott,bwilcottil@flavors.me,Male,108.65.127.221
671,Stirling,Longhurst,slonghurstim@cbslocal.com,Male,202.255.176.206
672,Ellsworth,Rumsby,erumsbyin@wordpress.com,Male,32.153.29.192
673,Kin,Yurinov,kyurinovio@weebly.com,Male,167.110.102.128
674,Terrence,Hearon,thearonip@list-manage.com,Male,220.86.80.201
675,Francene,Mattielli,fmattielliiq@fda.gov,Female,49.6.61.203
676,Mora,Taile,mtaileir@ifeng.com,Female,90.160.90.32
677,Consuelo,Pearcehouse,cpearcehouseis@creativecommons.org,Female,255.131.220.192
678,Neill,Landeaux,nlandeauxit@ebay.com,Male,50.149.220.53
679,Sully,Trustrie,strustrieiu@godaddy.com,Male,70.77.250.22
680,Callean,Harcus,charcusiv@whitehouse.gov,Male,96.15.139.121
681,Hedy,Wathall,hwathalliw@indiegogo.com,Female,60.88.121.135
682,Haily,Colliford,hcollifordix@zimbio.com,Female,249.44.104.90
683,Doralyn,De Few,ddefewiy@pagesperso-orange.fr,Female,28.168.138.41
684,Britt,Mattiacci,bmattiacciiz@narod.ru,Male,240.226.244.74
685,Carita,Horwell,chorwellj0@blinklist.com,Female,143.250.96.68
686,Annemarie,Goncalo,agoncaloj1@example.com,Female,11.116.162.252
687,Hugibert,Sarle,hsarlej2@goo.ne.jp,Male,192.189.248.16
688,Emmet,Luquet,eluquetj3@huffingtonpost.com,Male,251.165.215.181
689,Luciana,O'Shea,losheaj4@live.com,Female,206.27.234.126
690,Irena,Dutch,idutchj5@paginegialle.it,Female,238.7.31.65
691,Bart,Boggis,bboggisj6@nbcnews.com,Male,93.68.115.25
692,Mirabelle,Phillis,mphillisj7@fda.gov,Female,191.143.234.217
693,Orlan,Leadbeatter,oleadbeatterj8@ted.com,Male,178.66.122.129
694,Duane,Stripp,dstrippj9@over-blog.com,Male,124.36.125.123
695,Sophia,Smooth,ssmoothja@cam.ac.uk,Female,173.133.54.167
696,Reynard,Rainton,rraintonjb@privacy.gov.au,Male,26.25.57.36
697,Kenyon,Nappin,knappinjc@hud.gov,Male,79.26.131.247
698,Artemus,Hercock,ahercockjd@tinypic.com,Male,92.231.62.237
699,Kelly,Blenkensop,kblenkensopje@t-online.de,Female,43.127.23.208
700,Margaretta,Harkess,mharkessjf@gov.uk,Female,151.165.225.192
701,Clemens,MacElroy,cmacelroyjg@hp.com,Male,114.200.37.130
702,Maxy,Ziehms,mziehmsjh@comcast.net,Male,238.98.36.81
703,Milty,Spurrett,mspurrettji@furl.net,Male,63.73.204.61
704,Horace,Philbrick,hphilbrickjj@slate.com,Male,188.205.119.120
705,Dion,Ekins,dekinsjk@squarespace.com,Female,146.66.175.38
706,Timofei,Arboin,tarboinjl@bizjournals.com,Male,208.143.183.37
707,Caldwell,Skittrell,cskittrelljm@meetup.com,Male,172.142.83.192
708,Margret,Tinghill,mtinghilljn@shop-pro.jp,Female,172.91.102.84
709,Keen,Curds,kcurdsjo@123-reg.co.uk,Male,60.9.243.243
710,Larisa,Fealy,lfealyjp@msn.com,Female,187.27.204.56
711,Stephanus,Bailess,sbailessjq@miibeian.gov.cn,Male,172.188.12.98
712,Siouxie,Serjent,sserjentjr@about.com,Female,113.108.84.186
713,Saraann,Padillo,spadillojs@google.fr,Female,187.100.113.66
714,Philomena,Gricewood,pgricewoodjt@ft.com,Female,78.200.131.220
715,Andy,Aldrick,aaldrickju@tinyurl.com,Agender,218.2.251.234
716,Sunny,Grantham,sgranthamjv@hubpages.com,Female,2.255.244.152
717,Tricia,Corcut,tcorcutjw@lycos.com,Agender,57.47.203.48
718,Barrett,Antonijevic,bantonijevicjx@cbslocal.com,Male,201.66.9.229
719,Guinevere,Bulle,gbullejy@apple.com,Non-binary,136.237.117.131
720,Fania,Pressey,fpresseyjz@yahoo.co.jp,Female,220.50.132.78
721,Pembroke,Zoellner,pzoellnerk0@gnu.org,Male,72.135.55.193
722,Marvin,Abbys,mabbysk1@stanford.edu,Male,29.192.177.200
723,Reidar,Tonsley,rtonsleyk2@theglobeandmail.com,Male,69.155.12.242
724,Willi,Finden,wfindenk3@apache.org,Male,175.114.44.52
725,Olivero,Goodinge,ogoodingek4@printfriendly.com,Male,211.122.134.53
726,Darrelle,Haseldine,dhaseldinek5@studiopress.com,Female,249.43.160.43
727,Elsworth,Chafney,echafneyk6@cam.ac.uk,Male,157.223.99.87
728,Harv,Donke,hdonkek7@t-online.de,Male,91.221.22.153
729,Joycelin,Chant,jchantk8@symantec.com,Female,102.156.169.251
730,Yoko,Tittletross,ytittletrossk9@mayoclinic.com,Female,97.209.247.22
731,Aguste,McBride,amcbrideka@walmart.com,Male,35.23.65.89
732,Carri,Harsum,charsumkb@ustream.tv,Female,15.28.109.8
733,Terrill,Myles,tmyleskc@pen.io,Male,27.118.130.48
734,Kenna,Snedker,ksnedkerkd@weebly.com,Female,218.158.233.10
735,Gaspard,Zorzin,gzorzinke@vinaora.com,Male,251.40.115.222
736,Regan,Sambrok,rsambrokkf@fema.gov,Male,237.76.189.140
737,Phillipe,Rossi,prossikg@4shared.com,Male,58.227.133.157
738,Inger,Pitkins,ipitkinskh@ocn.ne.jp,Male,58.61.159.150
739,Mychal,Kaminski,mkaminskiki@topsy.com,Male,200.103.177.167
740,Burg,Kramer,bkramerkj@cornell.edu,Male,86.110.149.72
741,Hermon,Treace,htreacekk@canalblog.com,Polygender,113.253.137.2
742,Adoree,Boerderman,aboerdermankl@wiley.com,Female,221.1.99.236
743,Chen,Lawes,claweskm@eepurl.com,Male,192.255.222.243
744,Josefa,Waldren,jwaldrenkn@zimbio.com,Female,48.180.18.75
745,Wes,Milam,wmilamko@is.gd,Male,28.163.112.87
746,Gauthier,Jurkowski,gjurkowskikp@amazon.com,Male,155.91.243.21
747,Kiah,Trail,ktrailkq@cafepress.com,Female,218.102.91.113
748,Willabella,Skipp,wskippkr@virginia.edu,Female,21.142.241.134
749,Billie,Skea,bskeaks@sun.com,Male,125.152.205.154
750,Ardella,Vane,avanekt@istockphoto.com,Female,182.87.184.151
751,Bob,Meddick,bmeddickku@umn.edu,Male,129.167.31.43
752,Pincus,Rieme,priemekv@a8.net,Male,198.213.3.122
753,Winfred,Moulton,wmoultonkw@who.int,Male,59.59.77.188
754,Rutter,Leving,rlevingkx@va.gov,Male,203.144.30.67
755,Oren,Pashen,opashenky@privacy.gov.au,Male,191.179.236.194
756,Kareem,Royste,kroystekz@forbes.com,Male,124.137.171.135
757,Wheeler,Hodinton,whodintonl0@wiley.com,Male,213.223.255.69
758,Rod,Poleye,rpoleyel1@trellian.com,Male,3.2.78.167
759,Deena,Tremmil,dtremmill2@psu.edu,Genderqueer,138.217.47.117
760,Sybila,Cossell,scosselll3@joomla.org,Female,100.204.54.106
761,Allegra,Dunne,adunnel4@answers.com,Female,215.1.253.39
762,Rozele,Cogger,rcoggerl5@slate.com,Female,223.116.194.244
763,Rodge,Norledge,rnorledgel6@scientificamerican.com,Male,7.176.75.135
764,Aarika,Wint,awintl7@jiathis.com,Female,232.115.85.178
765,Carola,Tolworth,ctolworthl8@chronoengine.com,Female,239.10.137.232
766,Kile,Pharaoh,kpharaohl9@live.com,Male,252.78.169.209
767,Kristin,McMeekin,kmcmeekinla@seesaa.net,Female,230.170.108.20
768,Sylvia,Cove,scovelb@infoseek.co.jp,Female,135.203.67.220
769,Martie,Instock,minstocklc@upenn.edu,Male,0.189.230.209
770,Josy,Maleney,jmaleneyld@jalbum.net,Non-binary,106.157.87.223
771,Leonelle,Hillin,lhillinle@wired.com,Female,248.76.52.123
772,Marylee,Durant,mdurantlf@disqus.com,Female,174.102.5.183
773,Thurston,Delyth,tdelythlg@newyorker.com,Male,87.141.17.173
774,Marlo,Chrispin,mchrispinlh@discuz.net,Agender,133.221.154.209
775,Herrick,Arnholtz,harnholtzli@csmonitor.com,Male,118.135.188.249
776,Danila,Jonah,djonahlj@rakuten.co.jp,Female,45.107.4.229
777,Fernando,Dyster,fdysterlk@stumbleupon.com,Male,62.138.154.9
778,Red,Charkham,rcharkhamll@gravatar.com,Male,127.10.134.250
779,Blakelee,Glassard,bglassardlm@deviantart.com,Female,106.89.86.82
780,Ashton,Treker,atrekerln@pinterest.com,Male,254.186.155.160
781,Frannie,Oldall,foldalllo@cyberchimps.com,Male,50.195.51.230
782,Rem,Affuso,raffusolp@tumblr.com,Male,136.189.77.185
783,Katerina,Wackett,kwackettlq@amazon.co.uk,Female,226.225.175.231
784,Ab,Thurlbourne,athurlbournelr@google.com.br,Male,181.151.73.157
785,Shayne,Tomson,stomsonls@unicef.org,Female,49.168.174.159
786,Lev,Gigg,lgigglt@slideshare.net,Male,29.145.13.82
787,Kalil,Bather,kbatherlu@altervista.org,Male,139.235.146.191
788,Richart,Wathan,rwathanlv@hexun.com,Male,186.53.220.69
789,Dwight,Ludlem,dludlemlw@printfriendly.com,Male,122.113.221.7
790,Lisa,Sloegrave,lsloegravelx@cbc.ca,Female,169.178.255.105
791,Riley,O'Donnelly,rodonnellyly@salon.com,Male,140.0.135.210
792,Kendrick,Borres,kborreslz@fc2.com,Male,144.218.81.28
793,Allsun,Kleinsinger,akleinsingerm0@netscape.com,Female,45.146.176.247
794,Cherice,Upjohn,cupjohnm1@cargocollective.com,Female,32.62.11.187
795,Audy,Swyer,aswyerm2@shareasale.com,Female,57.160.31.139
796,Sauncho,Grollmann,sgrollmannm3@fastcompany.com,Male,231.8.202.30
797,Vincenty,Langhor,vlanghorm4@lulu.com,Male,136.143.236.223
798,Harriott,Vidgeon,hvidgeonm5@biblegateway.com,Female,195.183.62.244
799,Rodge,Handman,rhandmanm6@hostgator.com,Genderqueer,82.155.49.151
800,Umeko,Paterno,upaternom7@exblog.jp,Female,107.36.207.75
801,Cicely,Elton,celtonm8@github.com,Female,228.231.145.158
802,Timotheus,Kofax,tkofaxm9@nih.gov,Male,150.199.169.73
803,Mandi,Stock,mstockma@comsenz.com,Female,13.15.31.53
804,Barth,Torrisi,btorrisimb@netscape.com,Male,243.167.138.251
805,Dorelle,Trewhitt,dtrewhittmc@latimes.com,Female,65.8.236.239
806,Nelle,Issitt,nissittmd@networksolutions.com,Female,194.123.107.16
807,Dominga,Spon,dsponme@woothemes.com,Female,137.131.4.43
808,Ellissa,Mallabone,emallabonemf@indiatimes.com,Female,140.11.225.169
809,Lenci,Rozsa,lrozsamg@cnet.com,Genderqueer,11.62.206.211
810,Thaddus,Colpus,tcolpusmh@wikia.com,Male,138.193.78.207
811,Klement,Cleveland,kclevelandmi@unicef.org,Male,75.173.245.0
812,Roddie,Gebb,rgebbmj@umich.edu,Male,240.143.6.10
813,Humfrid,Umbers,humbersmk@twitter.com,Male,5.163.243.242
814,Rozalin,Attfield,rattfieldml@themeforest.net,Female,209.239.33.22
815,Renato,Ollerenshaw,rollerenshawmm@ucoz.ru,Male,175.21.190.94
816,Carlie,Blackler,cblacklermn@opera.com,Male,26.87.136.242
817,Arielle,Imrie,aimriemo@apache.org,Female,122.44.1.6
818,Fanchon,Fernando,ffernandomp@cbslocal.com,Female,138.110.235.167
819,Dennet,Godard,dgodardmq@cocolog-nifty.com,Male,224.216.243.195
820,Yorgo,Beldan,ybeldanmr@delicious.com,Male,6.30.214.235
821,Marci,Papis,mpapisms@google.com,Female,250.92.55.48
822,Gillan,Fallow,gfallowmt@alibaba.com,Female,80.223.131.80
823,Raviv,Simpkins,rsimpkinsmu@businesswire.com,Male,71.29.178.94
824,Gunilla,Finlan,gfinlanmv@hao123.com,Female,146.29.97.144
825,Orran,Loble,oloblemw@ucsd.edu,Male,15.214.101.222
826,Maddie,Verrills,mverrillsmx@slideshare.net,Male,84.20.237.218
827,Doro,Gravie,dgraviemy@sourceforge.net,Female,138.150.85.44
828,Georgiana,Chimienti,gchimientimz@lycos.com,Agender,32.230.47.106
829,Nesta,Viant,nviantn0@cdbaby.com,Female,179.106.196.212
830,Nickie,Cornelius,ncorneliusn1@cocolog-nifty.com,Female,216.218.30.243
831,Aharon,Lindwall,alindwalln2@cafepress.com,Male,142.100.227.194
832,Dominick,Fancy,dfancyn3@twitpic.com,Male,70.155.62.19
833,Davy,Alecock,dalecockn4@instagram.com,Agender,30.5.171.202
834,Missy,Hannabus,mhannabusn5@adobe.com,Female,247.198.187.15
835,Yancey,Scini,yscinin6@mac.com,Male,132.86.77.210
836,Conni,Duggan,cduggann7@ox.ac.uk,Female,114.1.31.37
837,Wyatan,Bridgman,wbridgmann8@tmall.com,Genderfluid,252.195.18.115
838,Zacherie,Rothermel,zrothermeln9@nih.gov,Male,232.152.107.253
839,Dave,Crowther,dcrowtherna@unesco.org,Male,122.159.134.19
840,Raymond,Woodfield,rwoodfieldnb@tuttocitta.it,Male,7.204.194.37
841,Adorne,Peterson,apetersonnc@typepad.com,Female,144.96.23.203
842,Ashley,Marryatt,amarryattnd@unicef.org,Female,236.120.171.19
843,Milicent,Connal,mconnalne@cmu.edu,Female,130.22.38.43
844,Thorstein,Leacy,tleacynf@ovh.net,Male,90.249.59.235
845,Dell,Rickwood,drickwoodng@archive.org,Female,67.158.48.50
846,Llewellyn,Bruggen,lbruggennh@webmd.com,Male,245.126.209.33
847,Durward,Vasilov,dvasilovni@disqus.com,Agender,187.121.243.18
848,Merrile,Rozalski,mrozalskinj@msu.edu,Female,246.248.3.127
849,Vincenz,Suter,vsuternk@cbsnews.com,Male,54.209.250.99
850,Claudianus,Blann,cblannnl@nytimes.com,Male,5.48.244.82
851,Ginelle,Ornils,gornilsnm@feedburner.com,Female,170.148.168.59
852,Davine,Fransinelli,dfransinellinn@gizmodo.com,Female,197.147.16.166
853,Dacey,Godlip,dgodlipno@adobe.com,Female,151.57.211.62
854,Ricki,Vany,rvanynp@networkadvertising.org,Female,137.11.152.245
855,Leeland,Phair,lphairnq@webmd.com,Male,243.189.58.248
856,Phedra,Dabling,pdablingnr@noaa.gov,Female,156.236.18.129
857,Vicki,Escolme,vescolmens@youtu.be,Female,17.101.193.14
858,Ricki,Clothier,rclothiernt@nationalgeographic.com,Female,61.56.132.25
859,Corbie,Gisburne,cgisburnenu@nps.gov,Male,112.143.164.87
860,Diarmid,Menichini,dmenichininv@marriott.com,Male,119.191.205.177
861,Cristine,Stronge,cstrongenw@ihg.com,Female,213.128.165.86
862,Gabbi,Trewett,gtrewettnx@dell.com,Female,144.235.39.148
863,Barris,Bartelet,bbarteletny@purevolume.com,Male,77.183.147.197
864,Jenn,Wozencraft,jwozencraftnz@hp.com,Female,140.131.154.195
865,Flory,Heart,fhearto0@themeforest.net,Male,207.102.150.39
866,Pembroke,Geistmann,pgeistmanno1@samsung.com,Male,56.160.43.151
867,Rozanna,Lawton,rlawtono2@hostgator.com,Female,132.230.202.131
868,Hastings,Barwack,hbarwacko3@slashdot.org,Male,215.130.158.4
869,Herminia,Kmieciak,hkmieciako4@msu.edu,Female,236.171.155.230
870,Josi,Duncanson,jduncansono5@hc360.com,Female,154.247.84.92
871,Alli,Grist,agristo6@bbb.org,Female,72.122.12.74
872,Katalin,Bridge,kbridgeo7@mlb.com,Female,65.36.202.248
873,Ham,Moscon,hmoscono8@dion.ne.jp,Male,236.3.16.174
874,Emiline,Bruster,ebrustero9@blog.com,Female,249.78.153.96
875,Rubi,Hickisson,rhickissonoa@smh.com.au,Female,43.197.143.209
876,Odie,Binnion,obinnionob@yale.edu,Male,38.35.170.213
877,Constance,Hysom,chysomoc@jalbum.net,Female,229.127.5.181
878,Shellie,Casemore,scasemoreod@biglobe.ne.jp,Female,75.25.212.173
879,Gertie,Bluett,gbluettoe@t.co,Female,254.213.159.139
880,Tully,Rowatt,trowattof@creativecommons.org,Male,96.175.0.76
881,Winna,Bonnick,wbonnickog@last.fm,Female,238.147.196.54
882,Sheena,Smallcomb,ssmallcomboh@cargocollective.com,Female,84.150.225.188
883,Templeton,Aitken,taitkenoi@geocities.jp,Male,156.140.41.250
884,Sheree,Jaxon,sjaxonoj@scientificamerican.com,Female,209.105.182.169
885,Joelynn,Cridlon,jcridlonok@wisc.edu,Female,88.214.125.126
886,Carroll,Bachura,cbachuraol@huffingtonpost.com,Agender,122.77.102.109
887,Joycelin,Merigot,jmerigotom@wired.com,Female,62.109.2.75
888,Christan,Blazek,cblazekon@skype.com,Female,237.48.18.68
889,Domenico,Pigne,dpigneoo@ca.gov,Male,28.92.70.90
890,Barclay,Persich,bpersichop@toplist.cz,Polygender,156.210.141.254
891,Yanaton,Greenly,ygreenlyoq@joomla.org,Male,109.37.229.22
892,Tadio,Muckeen,tmuckeenor@nsw.gov.au,Male,63.20.239.118
893,Eloise,Oluwatoyin,eoluwatoyinos@weather.com,Female,143.131.96.228
894,Pincus,Jerrim,pjerrimot@unicef.org,Genderfluid,22.232.6.147
895,Audra,Simpkins,asimpkinsou@opera.com,Female,155.227.96.33
896,Betteanne,Tallow,btallowov@marriott.com,Female,186.89.233.137
897,Nikolai,Ganiclef,nganiclefow@unc.edu,Male,92.29.80.51
898,Orsola,Mains,omainsox@sourceforge.net,Female,122.88.146.74
899,Daron,Branwhite,dbranwhiteoy@scientificamerican.com,Male,193.146.69.3
900,Nero,Klaiser,nklaiseroz@about.me,Male,16.65.82.11
901,Robinson,Deason,rdeasonp0@github.io,Male,148.20.167.48
902,Mae,Hallibone,mhallibonep1@sciencedaily.com,Female,35.143.210.114
903,Farrel,Shadbolt,fshadboltp2@tmall.com,Male,44.213.226.157
904,Stephi,Aldersea,salderseap3@usa.gov,Bigender,12.46.106.138
905,Nealson,Hannis,nhannisp4@printfriendly.com,Male,111.134.41.58
906,Hector,Tamlett,htamlettp5@flickr.com,Male,207.101.170.85
907,Rhianon,Tourner,rtournerp6@dailymotion.com,Female,223.166.103.146
908,Cordula,Amsberger,camsbergerp7@baidu.com,Female,111.62.136.180
909,Ginevra,Dunnaway,gdunnawayp8@instagram.com,Female,9.130.166.203
910,Joyous,Bennitt,jbennittp9@storify.com,Female,86.234.193.14
911,Borden,Brader,bbraderpa@elpais.com,Male,159.137.86.123
912,Candra,Bowcock,cbowcockpb@pagesperso-orange.fr,Female,138.22.237.62
913,Glyn,Thewys,gthewyspc@guardian.co.uk,Male,145.76.243.10
914,Lorri,Labarre,llabarrepd@multiply.com,Female,247.179.248.80
915,Brandie,Bosch,bboschpe@csmonitor.com,Female,163.208.104.92
916,Sammy,Bartak,sbartakpf@epa.gov,Female,54.73.75.187
917,Roselia,Galliford,rgallifordpg@list-manage.com,Female,219.239.232.58
918,Adi,Boas,aboasph@weibo.com,Female,118.21.159.247
919,Evania,Elstow,eelstowpi@foxnews.com,Female,9.43.239.209
920,Jessy,Raveau,jraveaupj@ted.com,Female,51.191.245.131
921,Hardy,Waight,hwaightpk@google.com.br,Genderfluid,234.250.251.251
922,Di,Fullman,dfullmanpl@meetup.com,Female,118.152.33.97
923,Leland,Trinbey,ltrinbeypm@theatlantic.com,Female,27.21.253.248
924,Madelina,Copello,mcopellopn@irs.gov,Female,46.33.31.25
925,Kimmie,Aireton,kairetonpo@virginia.edu,Female,134.107.52.220
926,Logan,Moth,lmothpp@ezinearticles.com,Male,165.164.167.151
927,Ramsay,McGrane,rmcgranepq@bravesites.com,Male,78.119.7.15
928,Corina,Headech,cheadechpr@boston.com,Female,31.210.222.67
929,Norrie,Hatherleigh,nhatherleighps@unicef.org,Polygender,19.148.42.245
930,Gillan,Sabatier,gsabatierpt@live.com,Female,77.196.96.143
931,Cristionna,Petruska,cpetruskapu@omniture.com,Female,103.14.181.214
932,Sawyer,MacAiline,smacailinepv@usda.gov,Polygender,38.177.177.87
933,Adelina,Raigatt,araigattpw@vistaprint.com,Female,238.77.124.140
934,Ignace,Harden,ihardenpx@prweb.com,Male,234.227.4.200
935,Lacie,Moorman,lmoormanpy@nbcnews.com,Female,188.164.7.140
936,Padriac,Rawcliff,prawcliffpz@arizona.edu,Male,65.53.127.108
937,Arni,Athowe,aathoweq0@nba.com,Genderqueer,216.244.197.5
938,Gabie,Acome,gacomeq1@ucoz.ru,Male,173.220.123.111
939,Kial,Disbrow,kdisbrowq2@sciencedirect.com,Female,232.158.171.191
940,Carly,Lydon,clydonq3@list-manage.com,Male,95.18.11.109
941,Roscoe,Styche,rstycheq4@indiatimes.com,Male,237.120.25.126
942,Ellette,Minor,eminorq5@networksolutions.com,Female,45.154.101.243
943,Miner,Dimmer,mdimmerq6@state.tx.us,Male,86.177.251.230
944,Gertruda,Spender,gspenderq7@hud.gov,Female,24.130.96.9
945,Bradan,Errichelli,berrichelliq8@ucoz.ru,Male,23.25.31.199
946,Ginger,Schulken,gschulkenq9@usatoday.com,Agender,209.99.62.171
947,Krispin,Cordes,kcordesqa@e-recht24.de,Bigender,249.70.34.110
948,Rhody,Ludl,rludlqb@amazon.co.uk,Female,90.161.11.155
949,Orbadiah,Laviste,olavisteqc@answers.com,Male,93.136.177.173
950,Marline,Rylett,mrylettqd@theatlantic.com,Female,41.146.210.107
951,Hallsy,Gussin,hgussinqe@arizona.edu,Male,203.10.213.250
952,Emelen,Marages,emaragesqf@dmoz.org,Male,48.231.180.251
953,Brynna,Ambrogioli,bambrogioliqg@vinaora.com,Genderfluid,103.244.30.174
954,Korry,Merrydew,kmerrydewqh@opera.com,Genderqueer,205.232.31.232
955,Artair,Wadman,awadmanqi@spiegel.de,Bigender,80.178.216.69
956,Christie,Malden,cmaldenqj@patch.com,Female,111.212.50.214
957,Abigail,Melhuish,amelhuishqk@ihg.com,Female,165.145.21.97
958,Codi,Grouer,cgrouerql@google.com.br,Male,227.193.28.108
959,Lionel,Mendez,lmendezqm@goodreads.com,Male,46.56.24.62
960,Clerkclaude,Heaton,cheatonqn@craigslist.org,Male,233.233.203.254
961,Ewell,Hrus,ehrusqo@digg.com,Male,149.103.42.170
962,Albert,Caret,acaretqp@behance.net,Male,49.92.102.212
963,Tilda,Birkmyr,tbirkmyrqq@cpanel.net,Genderfluid,65.206.7.1
964,Domenico,Cassell,dcassellqr@theatlantic.com,Male,193.38.134.30
965,Haley,Pally,hpallyqs@nbcnews.com,Female,152.9.137.39
966,Herc,Glanders,hglandersqt@newsvine.com,Male,101.220.20.71
967,Erika,Crocetto,ecrocettoqu@cbsnews.com,Female,143.83.227.115
968,Sharity,Landsborough,slandsboroughqv@sohu.com,Female,34.95.137.231
969,Alvera,Tatlock,atatlockqw@blogs.com,Female,168.21.101.71
970,Bruis,Bruff,bbruffqx@chron.com,Male,119.92.17.221
971,Correy,Hamshere,chamshereqy@youku.com,Male,179.71.17.34
972,Sergio,Christauffour,schristauffourqz@utexas.edu,Male,195.221.28.58
973,Monika,MacAnespie,mmacanespier0@soup.io,Female,8.104.10.6
974,Annetta,Roocroft,aroocroftr1@newyorker.com,Female,9.177.96.236
975,Barr,Crann,bcrannr2@wunderground.com,Male,173.151.109.217
976,Fredek,Ricciardi,fricciardir3@jigsy.com,Male,12.178.159.28
977,Galvan,Lorenzetto,glorenzettor4@de.vu,Male,255.171.168.164
978,Clint,Marjoram,cmarjoramr5@reuters.com,Polygender,158.51.225.66
979,Sterne,McOnie,smconier6@nytimes.com,Male,94.21.168.174
980,Felix,Pavel,fpavelr7@elegantthemes.com,Male,155.38.51.152
981,Angel,Flannigan,aflanniganr8@diigo.com,Male,187.242.183.29
982,Atlanta,Chatburn,achatburnr9@usnews.com,Female,223.111.100.8
983,Anthe,Cuberley,acuberleyra@netlog.com,Female,234.82.252.68
984,Rosemaria,Caddick,rcaddickrb@com.com,Female,52.222.192.235
985,Chet,Dhennin,cdhenninrc@dropbox.com,Male,246.115.101.180
986,Bartlet,Pym,bpymrd@census.gov,Male,254.218.87.75
987,Rochette,Cleobury,rcleoburyre@jigsy.com,Female,209.15.39.176
988,Sampson,Fludder,sfludderrf@sohu.com,Male,182.215.196.53
989,Aldwin,Tuberfield,atuberfieldrg@twitpic.com,Male,113.65.37.27
990,Rayna,Giacomi,rgiacomirh@arizona.edu,Female,126.96.80.246
991,Pernell,Shilling,pshillingri@lycos.com,Male,60.39.12.63
992,Christie,Brussell,cbrussellrj@nasa.gov,Male,79.32.12.159
993,Joelly,Furmenger,jfurmengerrk@amazon.de,Female,79.6.120.255
994,Marna,Donet,mdonetrl@yale.edu,Female,212.245.97.138
995,Dannel,Eversfield,deversfieldrm@army.mil,Male,208.160.100.43
996,Lawton,Cheshir,lcheshirrn@guardian.co.uk,Male,36.107.48.152
997,Maren,Selway,mselwayro@printfriendly.com,Female,191.95.192.16
998,Karlyn,Tinson,ktinsonrp@wsj.com,Female,46.44.239.255
999,Lina,Farrah,lfarrahrq@buzzfeed.com,Female,215.35.133.133
1000,Suzie,Rojahn,srojahnrr@toplist.cz,Female,255.148.246.130
